{
  "indices": [
    266,
    87,
    76,
    280,
    144,
    178,
    167,
    286,
    179,
    188,
    50,
    235,
    187,
    4,
    162,
    21,
    239,
    147,
    215,
    11
  ],
  "mean_err_m": 0.022898259159608282,
  "median_err_m": 0.024421045765738926,
  "max_err_m": 0.031616375620154444,
  "min_err_m": 0.012212401723949114,
  "joint_names": [
    "shoulder_pan",
    "shoulder_lift",
    "elbow_flex",
    "wrist_flex",
    "wrist_roll"
  ],
  "joint_mean_abs_err_deg": [
    0.18956130161563883,
    2.206037157010189,
    1.7013940530279819,
    0.461950946521803,
    0.1846053286813072
  ],
  "joint_median_abs_err_deg": [
    0.20892793306573942,
    2.205606105940328,
    2.211271286991037,
    0.4670661040646129,
    0.18662806038812157
  ],
  "joint_max_abs_err_deg": [
    0.39331210637169445,
    4.492931944557965,
    3.2027284840965824,
    0.9924142841097563,
    0.39124723297396524
  ],
  "joint_rmse_deg": [
    0.22554574582590436,
    2.3860840948370683,
    2.014348165617267,
    0.5944378247230416,
    0.20539928575237987
  ]
}