{
  "indices": [
    0,
    1,
    2,
    3,
    4,
    5,
    6,
    7,
    8,
    9,
    10,
    11,
    12
  ],
  "mean_err_m": 0.0012698070828590494,
  "median_err_m": 0.0013611664232060223,
  "max_err_m": 0.0021438757196866874,
  "min_err_m": 0.000713206150683583,
  "joint_names": [
    "shoulder_pan",
    "shoulder_lift",
    "elbow_flex",
    "wrist_flex",
    "wrist_roll"
  ],
  "joint_mean_abs_err_deg": [
    0.21639898562975485,
    0.1758241758241752,
    0.0,
    0.15553677092138932,
    1.719357565511411
  ],
  "joint_median_abs_err_deg": [
    0.08791208791208849,
    0.1758241758241752,
    0.0,
    0.08791208791209115,
    1.7747252747252755
  ],
  "joint_max_abs_err_deg": [
    0.5274725274725274,
    0.1758241758241752,
    0.0,
    0.26373626373626635,
    1.9175824175824179
  ],
  "joint_rmse_deg": [
    0.2843455085934556,
    0.1758241758241752,
    0.0,
    0.17750674215934906,
    1.7245113558508203
  ]
}