{
  "indices": [
    266,
    87,
    76,
    280,
    144,
    178,
    167,
    286,
    179,
    188,
    50,
    235,
    187,
    4,
    162,
    21,
    239,
    147,
    215,
    11
  ],
  "mean_err_m": 0.01265461951333147,
  "median_err_m": 0.013256864806228851,
  "max_err_m": 0.021852311367853396,
  "min_err_m": 0.004754504298409872
}