{
  "indices": [
    266,
    87,
    76,
    280,
    144,
    178,
    167,
    286,
    179,
    188,
    50,
    235,
    187,
    4,
    162,
    21,
    239,
    147,
    215,
    11
  ],
  "mean_err_m": 0.013398033534546753,
  "median_err_m": 0.012362836459358652,
  "max_err_m": 0.022093693747566225,
  "min_err_m": 0.006976369385274193,
  "joint_names": [
    "shoulder_pan",
    "shoulder_lift",
    "elbow_flex",
    "wrist_flex",
    "wrist_roll"
  ],
  "joint_mean_abs_err_deg": [
    0.53486608802244,
    0.33338929440904297,
    3.8330726088373894,
    2.08436855326391,
    1224.420341265805
  ],
  "joint_median_abs_err_deg": [
    0.5161091415131205,
    0.15176018431093752,
    4.083845621602455,
    1.9002112044404047,
    1224.5476293017873
  ],
  "joint_max_abs_err_deg": [
    1.0312743010783825,
    1.172652838449089,
    5.198427102612946,
    3.9419516815925064,
    1224.8181964583969
  ],
  "joint_rmse_deg": [
    0.592365625145286,
    0.509641226995427,
    3.941240384744543,
    2.378631864887518,
    1224.4203854677176
  ]
}