{
  "q_target_deg": [
    3.7362637362637363,
    -63.38461538461539,
    29.75824175824176,
    41.934065934065934,
    5.714285714285714
  ],
  "q_meas_deg": [
    3.2967032967032965,
    -63.824175824175825,
    33.0989010989011,
    41.934065934065934,
    6.065934065934066
  ],
  "target_xyz_m": [
    0.24650775154825869,
    -0.014360969232507185,
    0.24029628271672024
  ],
  "measured_xyz_m": [
    0.24813134044438506,
    -0.012903248366843062,
    0.2261042697774299
  ],
  "position_error_m": [
    0.0016235888961263767,
    0.0014577208656641229,
    -0.014192012939290344
  ],
  "position_error_norm_m": 0.014358768132914536
}