{
  "indices": [
    266,
    87,
    76,
    280,
    144,
    178,
    167,
    286,
    179,
    188,
    50,
    235,
    187,
    4,
    162,
    21,
    239,
    147,
    215,
    11
  ],
  "mean_err_m": 0.033333502890031355,
  "median_err_m": 0.03574709830835776,
  "max_err_m": 0.04645787219344984,
  "min_err_m": 0.019030484734732227,
  "joint_names": [
    "shoulder_pan",
    "shoulder_lift",
    "elbow_flex",
    "wrist_flex",
    "wrist_roll"
  ],
  "joint_mean_abs_err_deg": [
    0.43703619753122125,
    2.9313118822849136,
    2.7607347123686408,
    0.8971157816866384,
    0.21796247564589089
  ],
  "joint_median_abs_err_deg": [
    0.4601709839644885,
    2.455762675002619,
    3.607846971564438,
    1.276970125127345,
    0.25478573983319597
  ],
  "joint_max_abs_err_deg": [
    0.6863845834054763,
    7.042382494008514,
    5.017745754214385,
    1.8902471194060464,
    0.3769116263800676
  ],
  "joint_rmse_deg": [
    0.4536980056190895,
    3.3430536514352087,
    3.3805744441655268,
    1.1287683266436874,
    0.24948608727042237
  ]
}