run,policy_type,step,horizon,checkpoint,action_cross_frame_mse_normalized,action_cross_frame_mse_normalized_lo,action_cross_frame_mse_normalized_hi,xyz_cross_frame_mse_mm2_per_dim,xyz_cross_frame_mse_mm2_per_dim_lo,xyz_cross_frame_mse_mm2_per_dim_hi,rotvec_cross_frame_mse_deg2_per_dim,rotvec_cross_frame_mse_deg2_per_dim_lo,rotvec_cross_frame_mse_deg2_per_dim_hi,rotation_geodesic_cross_frame_mse_deg2,rotation_geodesic_cross_frame_mse_deg2_lo,rotation_geodesic_cross_frame_mse_deg2_hi,gripper_cross_frame_mse,gripper_cross_frame_mse_lo,gripper_cross_frame_mse_hi
act_r18_diffusion_lr1e5_seed1000_100000steps,act,100000,10,/mnt/data/zfei/lerobot-act-flow-ablation/archive/report_ckpts/act_r18_diffusion_lr1e5/act_r18_diffusion_lr1e5_seed1000_100000steps/checkpoints/100000/pretrained_model,0.0070746274466509905,0.006245939154499501,0.007977986970468191,18.583462077617646,16.80841618282795,20.438403064933425,0.6441450987160207,0.5818715059349314,0.7114000575115905,1.930310252383352,1.744012120582909,2.131648142636194,0.007670794748990375,0.006314749504459338,0.009146101208954179
act_r18_diffusion_lr1e5_seed1000_100000steps,act,100000,30,/mnt/data/zfei/lerobot-act-flow-ablation/archive/report_ckpts/act_r18_diffusion_lr1e5/act_r18_diffusion_lr1e5_seed1000_100000steps/checkpoints/100000/pretrained_model,0.014358985030790791,0.01328779370435805,0.01549279424040579,56.84726153683662,51.503700998008256,62.4172098174274,2.385473078861833,2.119293620117754,2.6703542399533093,7.147755874425172,6.349976778490839,8.00062471979633,0.01291006753546753,0.011440130611690712,0.014514761741350963
act_r18_diffusion_lr1e5_seed1000_30000steps,act,30000,10,/mnt/data/zfei/lerobot-act-flow-ablation/archive/report_ckpts/act_r18_diffusion_lr1e5/act_r18_diffusion_lr1e5_seed1000_30000steps/checkpoints/030000/pretrained_model,0.015663864340865984,0.014243947133049372,0.017138375588098994,55.193941010952,49.66486986354588,61.539795753288246,2.591199147358536,2.309916793281212,2.889786414778604,7.764841980278492,6.922094107060133,8.659654956059155,0.012406260617128285,0.01047580164177143,0.014481339517642845
act_r18_diffusion_lr1e5_seed1000_30000steps,act,30000,30,/mnt/data/zfei/lerobot-act-flow-ablation/archive/report_ckpts/act_r18_diffusion_lr1e5/act_r18_diffusion_lr1e5_seed1000_30000steps/checkpoints/030000/pretrained_model,0.06035021893051454,0.05578823195138829,0.06499346759521284,294.00806259346007,265.67096521635057,323.6749083171367,17.24051827090979,15.182708167248967,19.467312069267027,51.61779920578003,45.451047531113026,58.28755294826925,0.032319568342951244,0.02822593488674901,0.03680988405040589
act_r18_diffusion_lr1e5_seed2000_100000steps,act,100000,10,/mnt/data/zfei/lerobot-act-flow-ablation/archive/report_ckpts/act_r18_diffusion_lr1e5/act_r18_diffusion_lr1e5_seed2000_100000steps/checkpoints/100000/pretrained_model,0.00815457413904369,0.00729247264059377,0.009084679979906649,23.008644657135008,20.848374268496052,25.238058210331204,0.8858145355060697,0.7985543553996832,0.9769534679606561,2.654848177909851,2.3936719895303242,2.9278371817097066,0.008319446233123017,0.006959764004677891,0.009791255663935683
act_r18_diffusion_lr1e5_seed2000_100000steps,act,100000,30,/mnt/data/zfei/lerobot-act-flow-ablation/archive/report_ckpts/act_r18_diffusion_lr1e5/act_r18_diffusion_lr1e5_seed2000_100000steps/checkpoints/100000/pretrained_model,0.020651844597538004,0.019087390284231526,0.022334364405309316,89.91768658947946,81.60575596809389,98.96789645449519,4.507411704108119,3.990110884749144,5.054181842667237,13.503259400308131,11.954512938822813,15.139192645569144,0.01512512638933549,0.013212893448530482,0.017216233359984283
act_r18_diffusion_lr1e5_seed3000_100000steps,act,100000,10,/mnt/data/zfei/lerobot-act-flow-ablation/archive/report_ckpts/act_r18_diffusion_lr1e5/act_r18_diffusion_lr1e5_seed3000_100000steps/checkpoints/100000/pretrained_model,0.006821258465235586,0.0060002289045107335,0.007702648542648239,20.044509211897847,18.283290148919818,21.80315174309312,0.7218490490727126,0.6605268002304251,0.7841722748643724,2.1632462574243543,1.979518799314648,2.3501880290158086,0.006939457508664418,0.005603198714780095,0.008388107784171872
act_r18_diffusion_lr1e5_seed3000_100000steps,act,100000,30,/mnt/data/zfei/lerobot-act-flow-ablation/archive/report_ckpts/act_r18_diffusion_lr1e5/act_r18_diffusion_lr1e5_seed3000_100000steps/checkpoints/100000/pretrained_model,0.018479399052215743,0.016967057918375942,0.020071528878531537,87.29080154037476,79.72005813441275,95.35070083643197,4.1426076856851575,3.7131648898854848,4.600688354054839,12.410745395123959,11.125438537645342,13.78123367890418,0.01254781089314838,0.01076464478444252,0.014511862395079353
act_r18_flow_beta_lr1e4_seed1000_30000steps,act,30000,10,/mnt/data/zfei/lerobot-act-flow-ablation/archive/report_ckpts/act_r18_flow_beta_lr1e4/act_r18_flow_beta_lr1e4_seed1000_30000steps/checkpoints/030000/pretrained_model,0.12282842688541859,0.11370146922748532,0.13238611629575028,225.4097134046554,201.26606428806787,250.75316854634286,3.6718089691996574,3.2137197294965407,4.164178842160105,11.000400230169294,9.627857510653136,12.478264259877788,0.16909572684418525,0.15457348855295353,0.18388017582272814
act_r18_flow_beta_lr1e4_seed1000_30000steps,act,30000,30,/mnt/data/zfei/lerobot-act-flow-ablation/archive/report_ckpts/act_r18_flow_beta_lr1e4/act_r18_flow_beta_lr1e4_seed1000_30000steps/checkpoints/030000/pretrained_model,0.11513190740346907,0.10724223809372636,0.12339773701617963,279.3306374988556,248.71860226273535,311.96588020849225,4.863789525568485,4.241899654403329,5.533912249644099,14.570691073179246,12.706125701510908,16.574737706762548,0.16130712780141038,0.14839509463526337,0.17471064968112762
act_r18_flow_u_lr1e4_seed1000_30000steps,act,30000,10,/mnt/data/zfei/lerobot-act-flow-ablation/archive/report_ckpts/act_r18_flow_u_lr1e4/act_r18_flow_u_lr1e4_seed1000_30000steps/checkpoints/030000/pretrained_model,0.15267491261288524,0.1406201562692179,0.16478951704704672,497.7268819160462,443.71961516017893,555.5209844166754,13.224890417933466,11.527652570813151,15.015174394065879,39.62228713071346,34.535715394651895,44.98956583044231,0.16294825114173,0.1461031310030114,0.18039787659094292
act_r18_flow_u_lr1e4_seed1000_30000steps,act,30000,30,/mnt/data/zfei/lerobot-act-flow-ablation/archive/report_ckpts/act_r18_flow_u_lr1e4/act_r18_flow_u_lr1e4_seed1000_30000steps/checkpoints/030000/pretrained_model,0.1568781330958009,0.14594429103229198,0.16819024366880767,595.4073041229246,533.0671829476354,662.4474376842498,17.174964483082295,14.899774626313148,19.58331857795566,51.4557172615528,44.64283016901016,58.66797202345726,0.16934526810499664,0.15391379352193987,0.18551916548295233
act_r18_flow_u_lr1e5_seed1000_100000steps,act,100000,10,/mnt/data/zfei/lerobot-act-flow-ablation/archive/report_ckpts/act_r18_flow_u_lr1e5/act_r18_flow_u_lr1e5_seed1000_100000steps/checkpoints/100000/pretrained_model,0.0032062341426499184,0.0028617475917359116,0.00356957057855907,12.717923506438733,11.58031806420684,13.963059614911673,0.4171327110230923,0.3791439233347774,0.4565481173852456,1.2499102138280866,1.1360582626350226,1.3681622358925642,0.0027397454352303613,0.0021821982867959826,0.003324778235578696
act_r18_flow_u_lr1e5_seed1000_100000steps,act,100000,30,/mnt/data/zfei/lerobot-act-flow-ablation/archive/report_ckpts/act_r18_flow_u_lr1e5/act_r18_flow_u_lr1e5_seed1000_100000steps/checkpoints/100000/pretrained_model,0.009067531746171881,0.008447592256458303,0.009715643118518346,46.39065735864639,42.60476082719564,50.26773058270217,1.9701643471717836,1.7780691310659047,2.1665055889703337,5.9021461725235,5.325903456966579,6.490343526214363,0.005858022822827479,0.005194931688374709,0.0065483233947241405
act_r18_flow_u_lr1e5_seed1000_30000steps,act,30000,10,/mnt/data/zfei/lerobot-act-flow-ablation/archive/report_ckpts/act_r18_flow_u_lr1e5/act_r18_flow_u_lr1e5_seed1000_30000steps/checkpoints/030000/pretrained_model,0.007468968155793846,0.0067315548054903045,0.008259482387296157,28.477948425292972,26.24005163265467,30.71947153940201,1.1477031268477438,1.054680477017164,1.244658724670111,3.439490470230579,3.1607356280624868,3.7302871311441064,0.0058599906635390655,0.004709663824562175,0.007111726071386054
act_r18_flow_u_lr1e5_seed1000_30000steps,act,30000,30,/mnt/data/zfei/lerobot-act-flow-ablation/archive/report_ckpts/act_r18_flow_u_lr1e5/act_r18_flow_u_lr1e5_seed1000_30000steps/checkpoints/030000/pretrained_model,0.023260121205123142,0.021670146999956355,0.024940671653987383,120.9168931980133,110.0042888987184,132.30796550523044,5.880543512403965,5.293053099340947,6.49539644292891,17.617201910972597,15.858412526062136,19.459527738675476,0.012857851250184469,0.011310672766648712,0.014519200302990797
act_r18_flow_u_lr1e5_seed2000_100000steps,act,50000,10,/mnt/data/zfei/lerobot-act-flow-ablation/archive/report_ckpts/act_r18_flow_u_lr1e5/act_r18_flow_u_lr1e5_seed2000_100000steps/checkpoints/050000/pretrained_model,0.005663854938873556,0.005156503701629118,0.0061864219719747785,31.04914379930496,28.155337044620527,34.1807948321104,1.0124139422625307,0.9166680945798762,1.1125977644063532,3.0345546403825274,2.7478319598734378,3.334747086467592,0.0031855869388991774,0.002501032691875617,0.003930657105727459
act_r18_flow_u_lr1e5_seed2000_100000steps,act,50000,30,/mnt/data/zfei/lerobot-act-flow-ablation/archive/report_ckpts/act_r18_flow_u_lr1e5/act_r18_flow_u_lr1e5_seed2000_100000steps/checkpoints/050000/pretrained_model,0.01592001092596911,0.0146827476292412,0.017187702051573425,98.91693984985349,90.86360503267043,107.3969934367061,4.118571090251208,3.7150243297368286,4.5428465488374234,12.340663856804373,11.131012905481455,13.611639286889137,0.0070404382445376544,0.00602852977968687,0.00809857644294961
act_r18_flow_u_lr1e5_seed3000_100000steps,act,50000,10,/mnt/data/zfei/lerobot-act-flow-ablation/archive/report_ckpts/act_r18_flow_u_lr1e5/act_r18_flow_u_lr1e5_seed3000_100000steps/checkpoints/050000/pretrained_model,0.0041973074546549465,0.0037594752673583568,0.004672628680424532,16.64017286920548,15.356091283380982,17.98993320343494,0.5549436280056834,0.5124114445749671,0.6005152168704198,1.6629628646075725,1.535501777007432,1.7995878596544268,0.0035230600578943267,0.002854808275244887,0.004267348038727867
act_r18_flow_u_lr1e5_seed3000_100000steps,act,50000,30,/mnt/data/zfei/lerobot-act-flow-ablation/archive/report_ckpts/act_r18_flow_u_lr1e5/act_r18_flow_u_lr1e5_seed3000_100000steps/checkpoints/050000/pretrained_model,0.011366692633018831,0.010473274604172914,0.012318637265678266,64.16240928697586,58.547998720431316,70.29561015870571,2.4930165372490887,2.2487557109571985,2.748686961485446,7.469301573276519,6.7386406278848625,8.235006441302597,0.006847338274179493,0.005900017765310259,0.007890807509464682
act_r18_l1_seed1000_100000steps,act,100000,10,/mnt/data/zfei/lerobot-act-flow-ablation/archive/report_ckpts/act_r18_l1/act_r18_l1_seed1000_100000steps/checkpoints/100000/pretrained_model,0.0013895140176755378,0.0010591914444370108,0.001767309603071907,5.184376733079553,4.176608904995025,6.524083068825673,0.07183210206101649,0.0632325445431401,0.08130557486106409,0.21528767779492775,0.18952855698278293,0.24362655072401404,0.0015932872463222116,0.0010755133184788329,0.0021885287420447498
act_r18_l1_seed1000_100000steps,act,100000,30,/mnt/data/zfei/lerobot-act-flow-ablation/archive/report_ckpts/act_r18_l1/act_r18_l1_seed1000_100000steps/checkpoints/100000/pretrained_model,0.0022242924656438847,0.0019331246378408186,0.002535706640606986,9.762128594085574,8.178293889811263,11.875742791143438,0.2720392966489308,0.23880823106158058,0.30983002031259227,0.8149799891971051,0.7154430167968382,0.9281157535601406,0.002221174064248611,0.001814764402899176,0.002670020680322308
act_r18_l1_seed1000_30000steps,act,30000,10,/mnt/data/zfei/lerobot-act-flow-ablation/archive/report_ckpts/act_r18_l1/act_r18_l1_seed1000_30000steps/checkpoints/030000/pretrained_model,0.0014526663535634724,0.0010917534413272276,0.0018540838377508854,6.059820492126048,4.556522380999289,8.360576494400942,0.07816543845075649,0.06368424533237124,0.09709780142788657,0.23427320945821706,0.19089759606402362,0.2909591680309501,0.001606743740652986,0.0010548984949488574,0.002226272955365905
act_r18_l1_seed1000_30000steps,act,30000,30,/mnt/data/zfei/lerobot-act-flow-ablation/archive/report_ckpts/act_r18_l1/act_r18_l1_seed1000_30000steps/checkpoints/030000/pretrained_model,0.0027981682003728565,0.0023253182930901856,0.003344823377749025,15.062747719839212,11.907482437187808,19.95872569878697,0.33468548639223433,0.2690171925631497,0.42536210283313997,1.0028058996675535,0.8061427502442502,1.2740989568833374,0.0026300259666588418,0.002034457472696703,0.003282912498908352
act_r18_l1_seed2000_100000steps,act,100000,10,/mnt/data/zfei/lerobot-act-flow-ablation/archive/report_ckpts/act_r18_l1/act_r18_l1_seed2000_100000steps/checkpoints/100000/pretrained_model,0.0013367303393752084,0.0010250121762164777,0.0016868453661445981,5.45775838662684,4.125685133711621,7.324798929515112,0.06964680528547615,0.06049338871892541,0.08033031707576009,0.20874480283912278,0.18131226100295317,0.24075964135464736,0.0014944885073918976,0.00100719804828298,0.0020478470142552318
act_r18_l1_seed2000_100000steps,act,100000,30,/mnt/data/zfei/lerobot-act-flow-ablation/archive/report_ckpts/act_r18_l1/act_r18_l1_seed2000_100000steps/checkpoints/100000/pretrained_model,0.0022191831091513447,0.0019617827630749158,0.0024998333585062936,10.836454676002266,8.840014374486922,13.537420252960365,0.28352281469083396,0.2512562896053132,0.3210946422091743,0.849379810665734,0.7528317246620425,0.9621187050692851,0.002081084218095686,0.0017446918710818675,0.0024350240603032303
act_r18_l1_seed3000_100000steps,act,100000,10,/mnt/data/zfei/lerobot-act-flow-ablation/archive/report_ckpts/act_r18_l1/act_r18_l1_seed3000_100000steps/checkpoints/100000/pretrained_model,0.0014012257441245305,0.0010950265988888986,0.001742124926214545,5.182262290570885,4.091754682966134,6.590945885914193,0.07093670217588077,0.06257391989215103,0.08036049706163173,0.21257085336162707,0.18754758823192672,0.2407750192659615,0.001616764228639419,0.0011192289074388071,0.0021772178100126897
act_r18_l1_seed3000_100000steps,act,100000,30,/mnt/data/zfei/lerobot-act-flow-ablation/archive/report_ckpts/act_r18_l1/act_r18_l1_seed3000_100000steps/checkpoints/100000/pretrained_model,0.002143217961920527,0.001889270303647754,0.002418731239682575,9.561524220824241,8.226160073667764,11.119240497389807,0.28407375618582587,0.256392542429315,0.31381814245432604,0.8509678659979255,0.7680284669247451,0.9399837695942724,0.0020680012652080303,0.0016802187764665439,0.0024885716186861333
act_r18_vae_seed1000_100000steps,act,100000,10,/mnt/data/zfei/lerobot-act-flow-ablation/archive/report_ckpts/act_r18_vae/act_r18_vae_seed1000_100000steps/checkpoints/100000/pretrained_model,0.0012121241764480146,0.0009361014482410837,0.0015300202508646183,4.27907929616794,3.7736302891789952,4.805620866213646,0.0674469019556418,0.058552337614691356,0.07755132055477007,0.20215934940520675,0.17552517785460228,0.23239633724736047,0.001394124866808119,0.0009540061559943801,0.0018951484533989947
act_r18_vae_seed1000_100000steps,act,100000,30,/mnt/data/zfei/lerobot-act-flow-ablation/archive/report_ckpts/act_r18_vae/act_r18_vae_seed1000_100000steps/checkpoints/100000/pretrained_model,0.002155142709190841,0.0018607195398732076,0.002495002705323896,9.083033743172884,7.952214052056527,10.270039809161423,0.2463073154392187,0.2171904382628564,0.27793291310409557,0.7379660696368662,0.6506451152014548,0.832814731379924,0.002206471919982468,0.0017707089728591044,0.0027166333119990364
act_r18_vae_seed1000_30000steps,act,30000,10,/mnt/data/zfei/lerobot-act-flow-ablation/archive/report_ckpts/act_r18_vae/act_r18_vae_seed1000_30000steps/checkpoints/030000/pretrained_model,0.0012117809282426604,0.0009425056794550983,0.0015196271595121294,4.6871147676110265,4.10223904366121,5.343737303334105,0.08604058560484554,0.07579097211065236,0.09749115522113572,0.25788741022592876,0.22721106071281838,0.2921505148327327,0.0012946045437723691,0.0008643685179808123,0.0017918499158819047
act_r18_vae_seed1000_30000steps,act,30000,30,/mnt/data/zfei/lerobot-act-flow-ablation/archive/report_ckpts/act_r18_vae/act_r18_vae_seed1000_30000steps/checkpoints/030000/pretrained_model,0.00278713696603154,0.0024302844207078115,0.003164056881008674,13.203896951757372,11.644654938632996,14.89166643999685,0.4030425821926327,0.35669915455494355,0.4538370508473757,1.2073448124756105,1.0685264316812744,1.3594371117595236,0.002517305230191709,0.0019989714347737825,0.0030788645028241
act_r18_vae_seed2000_100000steps,act,100000,10,/mnt/data/zfei/lerobot-act-flow-ablation/archive/report_ckpts/act_r18_vae/act_r18_vae_seed2000_100000steps/checkpoints/100000/pretrained_model,0.001415942949919554,0.0010810858150390686,0.0017972721591017486,5.37495737490803,4.337574514194205,6.640243891375695,0.07573697985731996,0.066417688938824,0.08594559843241878,0.22701395911490543,0.19912132409171898,0.2575877239372114,0.001600670352262906,0.0010682348882511115,0.0021984352720418477
act_r18_vae_seed2000_100000steps,act,100000,30,/mnt/data/zfei/lerobot-act-flow-ablation/archive/report_ckpts/act_r18_vae/act_r18_vae_seed2000_100000steps/checkpoints/100000/pretrained_model,0.0022033969518015506,0.0018984818368638122,0.002552121149217237,10.402967280104756,8.797620963423698,12.340592073161154,0.2662448521985207,0.23458118908281328,0.3003643501087382,0.7976322803087532,0.7027660860092144,0.8997986173092387,0.0021340039725635854,0.0016969028513279204,0.0026315619138585675
act_r18_vae_seed3000_100000steps,act,100000,10,/mnt/data/zfei/lerobot-act-flow-ablation/archive/report_ckpts/act_r18_vae/act_r18_vae_seed3000_100000steps/checkpoints/100000/pretrained_model,0.0014740215116289617,0.0010742930242454353,0.001952357770632397,4.980851408760994,4.312104921674915,5.746614991019947,0.07575859195285012,0.06714490314614519,0.08514597737614096,0.2270684914074373,0.20124617407993067,0.255191982388799,0.0017317310646302203,0.0010812876344351735,0.002501860673442788
act_r18_vae_seed3000_100000steps,act,100000,30,/mnt/data/zfei/lerobot-act-flow-ablation/archive/report_ckpts/act_r18_vae/act_r18_vae_seed3000_100000steps/checkpoints/100000/pretrained_model,0.0024670956527461387,0.002197582259100864,0.0027547560706752843,10.538225056506695,9.362622624296135,11.80804376828056,0.309567500081379,0.2703253915261826,0.35026731890485385,0.9273578892126679,0.8097668107554782,1.049451427358319,0.0024338352855073314,0.002024350379599711,0.002878349816727536
act_r34_vae_seed1000_30000steps,act,30000,10,/mnt/data/zfei/lerobot-act-flow-ablation/archive/report_ckpts/act_r34_vae/act_r34_vae_seed1000_30000steps/checkpoints/030000/pretrained_model,0.0011930429433723473,0.0008997715948139104,0.0015487924376724551,3.5105353009253744,3.193677254284546,3.8444705807503308,0.05908301458589268,0.05132496417581277,0.0677637968628842,0.17707407430070451,0.15384500407979362,0.20307607941447056,0.0014593616280852428,0.0009840966658929572,0.0020268820119429282
act_r34_vae_seed1000_30000steps,act,30000,30,/mnt/data/zfei/lerobot-act-flow-ablation/archive/report_ckpts/act_r34_vae/act_r34_vae_seed1000_30000steps/checkpoints/030000/pretrained_model,0.0016522538243298184,0.0014513294784574092,0.0018786705667860582,6.823367901667953,6.179512384378535,7.527319469730187,0.18702536414936183,0.1618393694814061,0.2159011900470125,0.560126093000872,0.4848535897466296,0.646558365948376,0.001746305291119441,0.0014136368405627034,0.002122770769798065
act_r50_large_seed1000_30000steps,act,30000,10,/mnt/data/zfei/lerobot-act-flow-ablation/archive/report_ckpts/act_r50_large/act_r50_large_seed1000_30000steps/checkpoints/030000/pretrained_model,0.0013406543607961793,0.000999484817984922,0.0017392609083904048,5.799945834927261,4.507177530410326,7.5837666283907375,0.0717613027091138,0.05685606631088885,0.09494162767102819,0.21509347068378698,0.17041696685936783,0.2845166639231145,0.0014779364842076926,0.0009464754424526848,0.0021106889597328586
act_r50_large_seed1000_30000steps,act,30000,30,/mnt/data/zfei/lerobot-act-flow-ablation/archive/report_ckpts/act_r50_large/act_r50_large_seed1000_30000steps/checkpoints/030000/pretrained_model,0.0024375921319551705,0.0019972675046111363,0.0029595744891898006,13.947210841123015,10.669208674311642,18.02715074690598,0.33840961643506307,0.24105048345746197,0.4970426152365569,1.0142006936697288,0.7224525683229785,1.489294561845156,0.00209739531733587,0.0016318292131741938,0.002628522959738854
act_r50_v1_vae_2frame_1m_seed1000_0100000steps,act,100000,10,/mnt/data/zfei/lerobot-act-flow-ablation/train/act_r50_v1_vae_2frame_seed1000_1000000steps/checkpoints/0100000/pretrained_model,0.0013157728811866037,0.0010595635484137804,0.0016068606563840837,5.898307365469635,4.515509069541843,7.736665049787242,0.0755492111783242,0.0629916650965839,0.09141704713741784,0.2264078958486207,0.1888145601343829,0.2739119535817533,0.0014033674059273648,0.0010061521787971279,0.0018649513403407863
act_r50_v1_vae_2frame_1m_seed1000_0100000steps,act,100000,30,/mnt/data/zfei/lerobot-act-flow-ablation/train/act_r50_v1_vae_2frame_seed1000_1000000steps/checkpoints/0100000/pretrained_model,0.0022223459872811875,0.0019479670027408484,0.0025275984414667614,10.663579049155116,8.773600427507235,13.015426767065007,0.2840080096425954,0.23772941250607266,0.344255515008507,0.850543035038747,0.711957341121859,1.0304637072437213,0.0021021647319113706,0.001763873189705594,0.0024874361749480825
act_r50_v1_vae_2frame_1m_seed1000_0200000steps,act,200000,10,/mnt/data/zfei/lerobot-act-flow-ablation/train/act_r50_v1_vae_2frame_seed1000_1000000steps/checkpoints/0200000/pretrained_model,0.0012983886779038588,0.0010299148965418681,0.0016013121844518994,4.620435652554035,3.983496686401218,5.348965672516449,0.06599502210994253,0.058086799216034705,0.07497079799166241,0.1977891578176059,0.1741073831287562,0.22465602910622245,0.0015103154971254698,0.0010722843045620622,0.0020112320416118476
act_r50_v1_vae_2frame_1m_seed1000_0200000steps,act,200000,30,/mnt/data/zfei/lerobot-act-flow-ablation/train/act_r50_v1_vae_2frame_seed1000_1000000steps/checkpoints/0200000/pretrained_model,0.0016913922080893829,0.0015100589554362153,0.001886227410271658,7.64961060203612,6.580916299762392,8.843366310327317,0.18626539796683939,0.16341600036532622,0.2117122590360232,0.5580304963570089,0.4896789077156688,0.6341596712578786,0.0017186277064064317,0.001455044331189057,0.0020146409502731417
act_r50_v1_vae_2frame_1m_seed1000_0300000steps,act,300000,10,/mnt/data/zfei/lerobot-act-flow-ablation/train/act_r50_v1_vae_2frame_seed1000_1000000steps/checkpoints/0300000/pretrained_model,0.0012078330744916457,0.0009830518459863471,0.0014557363794140664,4.929446006575599,4.148300033851107,5.88267462112275,0.07142506001272704,0.06258061257837398,0.08157244439121566,0.21404606311139648,0.1875448627942533,0.24446217025800718,0.0013294436909596949,0.0009659580276371421,0.0017324917206204388
act_r50_v1_vae_2frame_1m_seed1000_0300000steps,act,300000,30,/mnt/data/zfei/lerobot-act-flow-ablation/train/act_r50_v1_vae_2frame_seed1000_1000000steps/checkpoints/0300000/pretrained_model,0.0016896467601200129,0.0015011772283622577,0.0019022785003646283,7.423765733160078,6.272706988400034,8.77672154878974,0.17651673225848938,0.15452661941339027,0.20113415210970556,0.5287382753789425,0.462919149589306,0.6022142323435749,0.0017907177538648773,0.0015121717897048322,0.0021142912666103973
act_r50_v1_vae_2frame_1m_seed1000_0400000steps,act,400000,10,/mnt/data/zfei/lerobot-act-flow-ablation/train/act_r50_v1_vae_2frame_seed1000_1000000steps/checkpoints/0400000/pretrained_model,0.0013146318285180317,0.0010395300301963284,0.0016299076446941857,4.318628598049283,3.769237069726364,4.955241961963102,0.06974882520153187,0.06165897678190956,0.07865271306129287,0.2090345187284984,0.18482002253265822,0.2357212908036308,0.0015545761864249347,0.0011037795833257517,0.002067868791221656
act_r50_v1_vae_2frame_1m_seed1000_0400000steps,act,400000,30,/mnt/data/zfei/lerobot-act-flow-ablation/train/act_r50_v1_vae_2frame_seed1000_1000000steps/checkpoints/0400000/pretrained_model,0.0016900907060007741,0.0014878647444243145,0.0019142681769250883,6.487077216535808,5.583174254465849,7.567515348953752,0.16392831817036502,0.14313094986109062,0.18629638655991296,0.4911122072301805,0.42885537356985753,0.5580060133957302,0.0018987766225272635,0.001584935846388063,0.0022553416695198815
act_r50_v1_vae_2frame_1m_seed1000_0500000steps,act,500000,10,/mnt/data/zfei/lerobot-act-flow-ablation/train/act_r50_v1_vae_2frame_seed1000_1000000steps/checkpoints/0500000/pretrained_model,0.0012744780692155473,0.0009915499814258056,0.0015992104667088588,4.369790187187493,3.7778023740079267,5.043277875922249,0.0706517159283394,0.06278728704673991,0.07906062247521187,0.21174815099406985,0.1881707656524493,0.23691760957721852,0.0014779905332360916,0.0010141383492776354,0.002012705694855694
act_r50_v1_vae_2frame_1m_seed1000_0500000steps,act,500000,30,/mnt/data/zfei/lerobot-act-flow-ablation/train/act_r50_v1_vae_2frame_seed1000_1000000steps/checkpoints/0500000/pretrained_model,0.00165830392904536,0.0014617283811910963,0.0018777319848760263,6.641124573364855,5.605568436661735,7.855657421305032,0.15363571013417093,0.13857303749814165,0.16927058855167135,0.4603321856651455,0.41531486604125234,0.5071548908771482,0.0018625165353159353,0.0015623081388953393,0.0022070563308745545
act_r50_v1_vae_noproprio_seed1000_0100000steps,act,100000,10,/mnt/data/zfei/lerobot-act-flow-ablation/train/act_r50_v1_vae_noproprio_seed1000_500000steps/checkpoints/100000/pretrained_model,0.001331328597785614,0.0010375437715372754,0.0016793045243530275,4.164370400190353,3.729425357577206,4.627982972744853,0.0781099625028437,0.06954226533111646,0.08771539592576154,0.2341401150277816,0.20845036635632863,0.2628913676626632,0.0015562792265301076,0.0010853193078233262,0.0021161056115931156
act_r50_v1_vae_noproprio_seed1000_0100000steps,act,100000,30,/mnt/data/zfei/lerobot-act-flow-ablation/train/act_r50_v1_vae_noproprio_seed1000_500000steps/checkpoints/100000/pretrained_model,0.0025227881493374293,0.002205639823826549,0.0028928539943779475,9.126343398705126,8.228283753768727,10.070624964841084,0.37269031787128193,0.32990671492276596,0.41867206970563275,1.1163332511703485,0.988404655959679,1.2540647837853067,0.0024436186753284514,0.001976676976264192,0.0029904896081571143
act_r50_v1_vae_noproprio_seed1000_0200000steps,act,200000,10,/mnt/data/zfei/lerobot-act-flow-ablation/train/act_r50_v1_vae_noproprio_seed1000_500000steps/checkpoints/200000/pretrained_model,0.0010990211839725817,0.0009192705455669057,0.001289566461588902,4.1461498240605,3.704875708741692,4.608848827309907,0.07984026572783477,0.06997949170944048,0.09074238932802106,0.23930852064490316,0.20975040883398605,0.27197042510702724,0.0011791056243306958,0.0008908098497714445,0.0014882865108788704
act_r50_v1_vae_noproprio_seed1000_0200000steps,act,200000,30,/mnt/data/zfei/lerobot-act-flow-ablation/train/act_r50_v1_vae_noproprio_seed1000_500000steps/checkpoints/200000/pretrained_model,0.0019252869224528695,0.0017267300626589988,0.0021422331239154572,7.333657495826483,6.594112665393206,8.10392212421782,0.24356327823689206,0.21658694998743017,0.2730486709247111,0.7296188624948263,0.6488082761019002,0.8179997207261622,0.001973120766278641,0.001674201843724183,0.0023007393120781407
act_r50_v1_vae_noproprio_seed1000_0300000steps,act,300000,10,/mnt/data/zfei/lerobot-act-flow-ablation/train/act_r50_v1_vae_noproprio_seed1000_500000steps/checkpoints/300000/pretrained_model,0.0011643522783560912,0.0009940937418286926,0.0013432199284061422,4.201546321220697,3.7296436883965516,4.710588924905287,0.08639367663662414,0.0758231903431704,0.09803502275147183,0.2588994844048284,0.22724335085041833,0.2937394296645652,0.0012557481492711784,0.0009838376663492618,0.001542456262274958
act_r50_v1_vae_noproprio_seed1000_0300000steps,act,300000,30,/mnt/data/zfei/lerobot-act-flow-ablation/train/act_r50_v1_vae_noproprio_seed1000_500000steps/checkpoints/300000/pretrained_model,0.0019266960037148235,0.0017015460044370679,0.0021795494095301357,6.902841779716312,6.151409095126576,7.68967931074947,0.20932994653121567,0.1866597174813447,0.23344038949068638,0.6270669050486759,0.5592680634878109,0.6992637573263842,0.002107369993525291,0.001765567947653584,0.0024909158616657524
act_r50_v1_vae_noproprio_seed1000_0400000steps,act,400000,10,/mnt/data/zfei/lerobot-act-flow-ablation/train/act_r50_v1_vae_noproprio_seed1000_500000steps/checkpoints/400000/pretrained_model,0.001186805438872398,0.0009630682691651605,0.001432807341984608,4.118270830404013,3.6745726817493334,4.590015490439814,0.07644623412785587,0.0669439630269888,0.08744633796088454,0.22907869394798763,0.20065103591772493,0.26199001983816267,0.0013370776047825722,0.0009809544173209996,0.0017317169136150327
act_r50_v1_vae_noproprio_seed1000_0400000steps,act,400000,30,/mnt/data/zfei/lerobot-act-flow-ablation/train/act_r50_v1_vae_noproprio_seed1000_500000steps/checkpoints/400000/pretrained_model,0.0018694098612140806,0.001652587504315125,0.00210662111135307,6.70336619028449,6.033092212993651,7.394735286602381,0.1997470359916333,0.17962734560331453,0.22099713243282174,0.5983293838705869,0.53809292002148,0.6618222303007031,0.002072279389776607,0.0017327469533420221,0.002451440392493692
act_r50_v1_vae_noproprio_seed1000_0500000steps,act,500000,10,/mnt/data/zfei/lerobot-act-flow-ablation/train/act_r50_v1_vae_noproprio_seed1000_500000steps/checkpoints/500000/pretrained_model,0.0012036849575615635,0.000954359756838403,0.0014911944223256787,4.109220588479192,3.6874358488933163,4.556118842317442,0.08303334418218583,0.07223646580538481,0.0954898611899233,0.24887784662004558,0.21651814011659,0.2861932704031235,0.001341718980436928,0.0009484561013559887,0.0017971388209100656
act_r50_v1_vae_noproprio_seed1000_0500000steps,act,500000,30,/mnt/data/zfei/lerobot-act-flow-ablation/train/act_r50_v1_vae_noproprio_seed1000_500000steps/checkpoints/500000/pretrained_model,0.0018709718985628573,0.001620941520808993,0.002156387027082838,6.516560007825493,5.789564403235911,7.29706930550746,0.18591855423082593,0.16140488617445806,0.21441811449740195,0.5570610348461196,0.48362991713201614,0.6424008711672154,0.0021288210858326686,0.0017390841306779447,0.00257632443230805
act_r50_v1_vae_seed1000_0100000steps,act,100000,10,/mnt/data/zfei/lerobot-act-flow-ablation/archive/report_ckpts/act_r50_v1_vae/act_r50_v1_vae_seed1000_1000000steps/checkpoints/0100000/pretrained_model,0.001320940735367003,0.0010071957829797837,0.0017091104797362958,5.606135801710188,4.313161888408845,7.334302268884146,0.07210643681875081,0.061633793024565224,0.0845275086448739,0.21613892424607187,0.1847866279036243,0.25332688241412393,0.0014455275423236793,0.0009513532969461778,0.0020691253499753332
act_r50_v1_vae_seed1000_0100000steps,act,100000,30,/mnt/data/zfei/lerobot-act-flow-ablation/archive/report_ckpts/act_r50_v1_vae/act_r50_v1_vae_seed1000_1000000steps/checkpoints/0100000/pretrained_model,0.001985578784633617,0.0017472441974488448,0.0022567434006423815,10.251910691425206,8.298536253226173,12.6707914798908,0.25961910051101583,0.22247848355782918,0.3034433836005976,0.7778563956136351,0.6667549500318768,0.9090566628625616,0.0018146104917112912,0.0015210117461510885,0.0021659020811342364
act_r50_v1_vae_seed1000_0200000steps,act,200000,10,/mnt/data/zfei/lerobot-act-flow-ablation/archive/report_ckpts/act_r50_v1_vae/act_r50_v1_vae_seed1000_1000000steps/checkpoints/0200000/pretrained_model,0.0012203068384542346,0.000989198324055906,0.001474622382964822,5.337192791052163,4.255537784741634,6.7678424085358175,0.07461875812604558,0.0655908716211037,0.08480221867058432,0.22364950446831064,0.19660051766139808,0.2541772547344735,0.0012985108293220885,0.000931506148896059,0.0017002535316787007
act_r50_v1_vae_seed1000_0200000steps,act,200000,30,/mnt/data/zfei/lerobot-act-flow-ablation/archive/report_ckpts/act_r50_v1_vae/act_r50_v1_vae_seed1000_1000000steps/checkpoints/0200000/pretrained_model,0.0017039950587095518,0.0015301084242203616,0.001899773207868203,8.334994425818325,6.986350440196693,10.07185390237905,0.2043968206411228,0.18300439906620888,0.22787885995781973,0.612397816568613,0.5483192946908063,0.6825814095475476,0.0016500729823357607,0.0014126658714742066,0.0019230701535519052
act_r50_v1_vae_seed1000_0300000steps,act,300000,10,/mnt/data/zfei/lerobot-act-flow-ablation/archive/report_ckpts/act_r50_v1_vae/act_r50_v1_vae_seed1000_1000000steps/checkpoints/0300000/pretrained_model,0.0013671382038701269,0.0010236502276431113,0.0017945314265324665,4.773581359747797,4.035083435702047,5.670244371563848,0.07188320459943497,0.06430355635923335,0.08026873385883519,0.2154699025426526,0.19275195782667148,0.24058795796888302,0.001593602574072052,0.0010354934227512355,0.0022857773760907494
act_r50_v1_vae_seed1000_0300000steps,act,300000,30,/mnt/data/zfei/lerobot-act-flow-ablation/archive/report_ckpts/act_r50_v1_vae/act_r50_v1_vae_seed1000_1000000steps/checkpoints/0300000/pretrained_model,0.0015420720770071058,0.001376532764033618,0.0017329095026043428,6.8218238568604,5.848858709143847,7.930958445680884,0.17202050909656097,0.1532315694646386,0.192531175853638,0.5154136260179804,0.4592067995128457,0.5768384153343737,0.001587737135074338,0.0013211440577052,0.0018957701410212298
act_r50_v1_vae_seed1000_0400000steps,act,400000,10,/mnt/data/zfei/lerobot-act-flow-ablation/archive/report_ckpts/act_r50_v1_vae/act_r50_v1_vae_seed1000_1000000steps/checkpoints/0400000/pretrained_model,0.001333169335301136,0.0010310331205486821,0.0016996566170786526,4.722831955090165,3.9932668962936866,5.623151284042743,0.07506342862977182,0.06596815402233037,0.08526431762342689,0.22498556045931764,0.19774462155607767,0.2556013416624337,0.0015305237639535478,0.0010349476979992394,0.002125997174106452
act_r50_v1_vae_seed1000_0400000steps,act,400000,30,/mnt/data/zfei/lerobot-act-flow-ablation/archive/report_ckpts/act_r50_v1_vae/act_r50_v1_vae_seed1000_1000000steps/checkpoints/0400000/pretrained_model,0.0016943551434778787,0.001504894397522912,0.0019072782192501097,7.064992900922894,6.02649410853833,8.262531306480982,0.168395629246952,0.14911319725800423,0.18950133840671032,0.5044851990127937,0.4467295352939981,0.5676321243365298,0.0018500041025910254,0.0015567708058061103,0.00219002857954532
act_r50_v1_vae_seed1000_0500000steps,act,500000,10,/mnt/data/zfei/lerobot-act-flow-ablation/archive/report_ckpts/act_r50_v1_vae/act_r50_v1_vae_seed1000_1000000steps/checkpoints/0500000/pretrained_model,0.0013161801644309891,0.0010334871251518965,0.0016341730361495138,4.52899864461273,3.8066373115845016,5.417897168238273,0.07046448144898751,0.062004156490706355,0.0801491746603104,0.21119899855088445,0.18587757137632005,0.24018442554022196,0.0015336435395018999,0.0010771767455036447,0.002047932855888656
act_r50_v1_vae_seed1000_0500000steps,act,500000,30,/mnt/data/zfei/lerobot-act-flow-ablation/archive/report_ckpts/act_r50_v1_vae/act_r50_v1_vae_seed1000_1000000steps/checkpoints/0500000/pretrained_model,0.0016288890384912524,0.0014226117360579336,0.0018684735601769717,6.505060434252023,5.4741440735518925,7.728404565995183,0.14873807180533183,0.13096548410076642,0.16742419179729182,0.4456412834059447,0.39246038786764237,0.5015956745935138,0.001834219331275314,0.0015146262580831287,0.0021989543419087144
act_r50_v1_vae_seed1000_0600000steps,act,600000,10,/mnt/data/zfei/lerobot-act-flow-ablation/archive/report_ckpts/act_r50_v1_vae/act_r50_v1_vae_seed1000_1000000steps/checkpoints/0600000/pretrained_model,0.0013021718736481488,0.0010279619005072163,0.0016123257815717344,4.368226310729981,3.732253434069457,5.113764672087134,0.07215662975574377,0.06376332151325766,0.08139968391130388,0.21627422137372196,0.19118054543072352,0.24391979638643102,0.0015189127218154532,0.0010769633235580974,0.0020157492477569116
act_r50_v1_vae_seed1000_0600000steps,act,600000,30,/mnt/data/zfei/lerobot-act-flow-ablation/archive/report_ckpts/act_r50_v1_vae/act_r50_v1_vae_seed1000_1000000steps/checkpoints/0600000/pretrained_model,0.0015668535425847948,0.0013894652542438969,0.001764377576823336,5.915790899395943,5.115603951003404,6.851843157713865,0.14229301084904,0.12578162307939486,0.16010632665648583,0.42635840299911804,0.37689912487296395,0.4796507011297625,0.0017947713534433802,0.00152210552583566,0.0020977468218954694
act_r50_v1_vae_seed1000_0700000steps,act,700000,10,/mnt/data/zfei/lerobot-act-flow-ablation/archive/report_ckpts/act_r50_v1_vae/act_r50_v1_vae_seed1000_1000000steps/checkpoints/0700000/pretrained_model,0.0013192995510398762,0.001027352297021298,0.0016535961683079217,4.488618544779717,3.864883674562349,5.216764754626153,0.07454852314316666,0.06567184931176598,0.08464629592213312,0.2234319597214926,0.1968275267339544,0.25368105223292375,0.0015274482070078373,0.001054242683048557,0.002064768795270775
act_r50_v1_vae_seed1000_0700000steps,act,700000,30,/mnt/data/zfei/lerobot-act-flow-ablation/archive/report_ckpts/act_r50_v1_vae/act_r50_v1_vae_seed1000_1000000steps/checkpoints/0700000/pretrained_model,0.001572669125180255,0.0013941550241829642,0.0017741450800022904,6.184299262598156,5.321904174382238,7.173981459416447,0.14627374868420884,0.13069092225359052,0.16305878878054209,0.43824440139252696,0.3916249003640842,0.48854602362876753,0.0017699467157660557,0.0014776402190081587,0.0021002177945746645
act_r50_v1_vae_seed1000_0800000steps,act,800000,10,/mnt/data/zfei/lerobot-act-flow-ablation/archive/report_ckpts/act_r50_v1_vae/act_r50_v1_vae_seed1000_1000000steps/checkpoints/0800000/pretrained_model,0.0012311616806528036,0.0009902595496889264,0.001497811266396093,4.450811060316861,3.8170169573402015,5.214387154174221,0.0754508950895397,0.067313558048362,0.08454281163698175,0.22612596903089435,0.20175174706927498,0.2533708847276401,0.0013849098221286934,0.000995211363771502,0.0018123377195140562
act_r50_v1_vae_seed1000_0800000steps,act,800000,30,/mnt/data/zfei/lerobot-act-flow-ablation/archive/report_ckpts/act_r50_v1_vae/act_r50_v1_vae_seed1000_1000000steps/checkpoints/0800000/pretrained_model,0.0015977332793809182,0.0014219159521330765,0.0017862876969053098,6.247382299780844,5.4192329982075815,7.209939805040883,0.14892272245697677,0.13258248634773767,0.16631968831240662,0.4461281078029424,0.39718949696552,0.4981832685730888,0.001797324113792477,0.0015249563406937283,0.0020994345114506725
act_r50_v1_vae_seed1000_0900000steps,act,900000,10,/mnt/data/zfei/lerobot-act-flow-ablation/archive/report_ckpts/act_r50_v1_vae/act_r50_v1_vae_seed1000_1000000steps/checkpoints/0900000/pretrained_model,0.0013952668958590946,0.0010767501786039253,0.0017591783213807498,4.430839049652218,3.807314465406911,5.1257106089541695,0.072618825674057,0.06485758854590823,0.08086495966361833,0.21761409155605363,0.19435510814278384,0.24230512434961274,0.0016640450663327902,0.0011483973878709734,0.002245093974407266
act_r50_v1_vae_seed1000_0900000steps,act,900000,30,/mnt/data/zfei/lerobot-act-flow-ablation/archive/report_ckpts/act_r50_v1_vae/act_r50_v1_vae_seed1000_1000000steps/checkpoints/0900000/pretrained_model,0.0015243338490618045,0.0013353025570200779,0.0017291295953167723,6.143393364846705,5.238911246039718,7.193168255956474,0.13716253528394737,0.12119396752199395,0.15446105182182515,0.41088699562475084,0.36301245394758874,0.46267260968536145,0.001724346464068789,0.001441587294548819,0.0020372677050269914
act_r50_v1_vae_seed1000_1000000steps,act,1000000,10,/mnt/data/zfei/lerobot-act-flow-ablation/archive/report_ckpts/act_r50_v1_vae/act_r50_v1_vae_seed1000_1000000steps/checkpoints/1000000/pretrained_model,0.0012712669553711748,0.0009831816684813934,0.0015960747170044203,4.34838166361302,3.724255157286672,5.08224229268711,0.07320017066923902,0.06471427169236121,0.0823406791894697,0.21938707715226335,0.19400589606967988,0.24678305857444652,0.0014675480809459426,0.000999930987042563,0.001996462988327423
act_r50_v1_vae_seed1000_1000000steps,act,1000000,30,/mnt/data/zfei/lerobot-act-flow-ablation/archive/report_ckpts/act_r50_v1_vae/act_r50_v1_vae_seed1000_1000000steps/checkpoints/1000000/pretrained_model,0.0015145852768382612,0.0013270193957176616,0.0017173643311274654,5.918763999849558,5.035101522930713,6.975260309205946,0.14228190386178904,0.12497185838010044,0.16158471466164917,0.42626199686061594,0.37447350848817734,0.4840853619438829,0.0017059069583441535,0.0014230664197414037,0.002022027716644236
act_r50_v1_vae_seed1000_100000steps,act,100000,10,/mnt/data/zfei/lerobot-act-flow-ablation/archive/report_ckpts/act_r50_v1_vae/act_r50_v1_vae_seed1000_100000steps/checkpoints/100000/pretrained_model,0.0011971099887532546,0.0009403307507202727,0.001495394594223467,5.258253649115561,4.171500514598192,6.644398122222723,0.06477606784942326,0.05596200730248675,0.0753927598865397,0.19416434879973532,0.16776323604297352,0.2259755695530214,0.0013005448710572695,0.0008980541141362408,0.0017684869976629753
act_r50_v1_vae_seed1000_100000steps,act,100000,30,/mnt/data/zfei/lerobot-act-flow-ablation/archive/report_ckpts/act_r50_v1_vae/act_r50_v1_vae_seed1000_100000steps/checkpoints/100000/pretrained_model,0.0016870387298404239,0.0014983770845510653,0.0019049623595537928,8.947834283128381,7.567926632905751,10.630470734902474,0.2294105672185542,0.20279499028515127,0.2584148123667429,0.687267343239393,0.6074996744340285,0.7740383018220421,0.0014896724381801183,0.001225374490079882,0.0018079767079672922
act_r50_v1_vae_seed1000_30000steps,act,30000,10,/mnt/data/zfei/lerobot-act-flow-ablation/archive/report_ckpts/act_r50_v1_vae/act_r50_v1_vae_seed1000_30000steps/checkpoints/030000/pretrained_model,0.0014006358952683509,0.0010304293004780903,0.0018648117686047947,6.2613274255841995,4.543479225374386,8.636115402104705,0.0709818079904653,0.05861256410626229,0.08694820327615595,0.21273326656175778,0.17570494889266564,0.2604971693718457,0.001522889671191573,0.000963614872429249,0.002254618309491786
act_r50_v1_vae_seed1000_30000steps,act,30000,30,/mnt/data/zfei/lerobot-act-flow-ablation/archive/report_ckpts/act_r50_v1_vae/act_r50_v1_vae_seed1000_30000steps/checkpoints/030000/pretrained_model,0.0021431994391532495,0.0017826949099060583,0.0025752975144558146,12.557419151879847,9.456529664543082,16.573819609525234,0.2637118312944658,0.20583382612527348,0.34865223316539784,0.789763013217598,0.6167272212875075,1.0433427212990354,0.001901674100077372,0.0014630205254008491,0.002438043407471946
act_r50_v1_vae_seed2000_100000steps,act,70000,10,/mnt/data/zfei/lerobot-act-flow-ablation/archive/report_ckpts/act_r50_v1_vae/act_r50_v1_vae_seed2000_100000steps/checkpoints/070000/pretrained_model,0.0014670321098838029,0.001104724213325699,0.0018901616333598216,5.437762248858808,4.43399969439134,6.6890956628602005,0.06774304122349713,0.06049615767498035,0.07572842960957786,0.20306738163670524,0.18134711922541027,0.22699938471190403,0.0017162424919433877,0.0011407385465811851,0.0024012974765937173
act_r50_v1_vae_seed2000_100000steps,act,70000,30,/mnt/data/zfei/lerobot-act-flow-ablation/archive/report_ckpts/act_r50_v1_vae/act_r50_v1_vae_seed2000_100000steps/checkpoints/070000/pretrained_model,0.0022154020350189964,0.0019383342976956545,0.0025094688088299335,10.710868263456971,8.982873904967215,12.753137982283619,0.28537618186569313,0.24814929152200935,0.32776119702279993,0.8550352106303909,0.743433155820705,0.9820723759486811,0.002112053990273516,0.0016976441801626427,0.0025556844420009097
act_r50_v1_vae_seed3000_100000steps,act,20000,10,/mnt/data/zfei/lerobot-act-flow-ablation/archive/report_ckpts/act_r50_v1_vae/act_r50_v1_vae_seed3000_100000steps/checkpoints/020000/pretrained_model,0.001576466971585432,0.00111499310130871,0.002138042111273875,6.625449044279753,4.971277092810162,8.987449090387114,0.07425753528077621,0.05974361058212236,0.09679954481543387,0.22255100103840234,0.17907183263397305,0.29000063150080385,0.0017848254017289627,0.0010607867946545258,0.002668541488828839
act_r50_v1_vae_seed3000_100000steps,act,20000,30,/mnt/data/zfei/lerobot-act-flow-ablation/archive/report_ckpts/act_r50_v1_vae/act_r50_v1_vae_seed3000_100000steps/checkpoints/020000/pretrained_model,0.00254989597828353,0.00203926633336896,0.0031553530378512734,14.148976483754813,10.996222039145232,18.65722730079088,0.26362754421890716,0.19329589247963164,0.3839813743533739,0.7896959118470549,0.579359332181304,1.1496278984976696,0.0024932297588626377,0.0018158115012546325,0.003278628941902444
act_r50_vae_seed1000_100000steps,act,100000,10,/mnt/data/zfei/lerobot-act-flow-ablation/archive/report_ckpts/act_r50_vae/act_r50_vae_seed1000_100000steps/checkpoints/100000/pretrained_model,0.00149641548958607,0.001178065179341593,0.001841308861024299,6.63411131630838,4.844350096768143,8.975459541701898,0.07594096025265754,0.06451975902727572,0.09021175325706136,0.22761453212145713,0.19344549595459828,0.27037119257055453,0.0016293427686410345,0.0011460850461215545,0.0021603450617341795
act_r50_vae_seed1000_100000steps,act,100000,30,/mnt/data/zfei/lerobot-act-flow-ablation/archive/report_ckpts/act_r50_vae/act_r50_vae_seed1000_100000steps/checkpoints/100000/pretrained_model,0.0029092292227796868,0.0025238659039598134,0.0033403088259405193,15.59150339897722,12.284396910495866,19.62133265339584,0.35506914167059583,0.29392032075282176,0.43615680057652073,1.0636197868930175,0.8805387408206465,1.3061058970651824,0.0026480695254911413,0.002219915042073204,0.003099212361072282
act_r50_vae_seed1000_30000steps,act,30000,10,/mnt/data/zfei/lerobot-act-flow-ablation/archive/report_ckpts/act_r50_vae/act_r50_vae_seed1000_30000steps/checkpoints/030000/pretrained_model,0.0014377569357193348,0.0011293200855751137,0.0017926499500305444,6.383186308324337,4.871593446421997,8.353597631721753,0.08038828446978005,0.06698395665664139,0.09827024308491819,0.2409509621086763,0.20078262837474772,0.29449012456003115,0.0015554408262247641,0.0010830328549497482,0.0021042685739319955
act_r50_vae_seed1000_30000steps,act,30000,30,/mnt/data/zfei/lerobot-act-flow-ablation/archive/report_ckpts/act_r50_vae/act_r50_vae_seed1000_30000steps/checkpoints/030000/pretrained_model,0.0028463373003364723,0.002426269449762527,0.0033094066706389636,14.686414095841348,11.287007806949319,19.192663533890247,0.32457611422412447,0.26410773788039366,0.40925399931674616,0.9725263577770674,0.7915064936153884,1.2257738682587898,0.0027534905757567,0.002241804994355811,0.0032894772581305103
act_r50_vae_seed2000_100000steps,act,80000,10,/mnt/data/zfei/lerobot-act-flow-ablation/archive/report_ckpts/act_r50_vae/act_r50_vae_seed2000_100000steps/checkpoints/080000/pretrained_model,0.0013310319499987597,0.0010511548827269734,0.001653010082097809,6.252110311906783,4.627821959122269,8.497932465149734,0.08076025329658297,0.06516717284121552,0.10269445652301361,0.2420576117420569,0.19537708600924814,0.3077361901276512,0.0013772351998704183,0.0009742875943435192,0.0018283413408775354
act_r50_vae_seed2000_100000steps,act,80000,30,/mnt/data/zfei/lerobot-act-flow-ablation/archive/report_ckpts/act_r50_vae/act_r50_vae_seed2000_100000steps/checkpoints/080000/pretrained_model,0.0024245409132254278,0.0020309566674387497,0.0029480032313188988,13.557917793914674,10.1872049148079,18.112988287530463,0.3632709050724516,0.2806876035910508,0.4902771922173677,1.0880756989798974,0.8410344708227379,1.4679298366821836,0.0019689202048018472,0.001624521376640815,0.0023560605785464843
act_r50_vae_seed3000_100000steps,act,80000,10,/mnt/data/zfei/lerobot-act-flow-ablation/archive/report_ckpts/act_r50_vae/act_r50_vae_seed3000_100000steps/checkpoints/080000/pretrained_model,0.001560432336433223,0.0011897973622426888,0.001971689429489833,6.095128197588026,4.502016911930034,8.296633336141515,0.08879598203972272,0.07396457216739145,0.11001432459532698,0.2661479790427257,0.22174491937408458,0.32965721600509124,0.0017301196758669566,0.0011686206437427208,0.0023632260628802604
act_r50_vae_seed3000_100000steps,act,80000,30,/mnt/data/zfei/lerobot-act-flow-ablation/archive/report_ckpts/act_r50_vae/act_r50_vae_seed3000_100000steps/checkpoints/080000/pretrained_model,0.0028210965423531888,0.002409787035351838,0.003334915993151662,12.490621387556198,10.069434141001855,15.773873869529737,0.4034429685121286,0.3142827640572985,0.5474085487949863,1.2082811007236596,0.9416615069986259,1.6389154268304695,0.002617992518307596,0.0021806468935058007,0.0030777735639317527
act_umi_identity_rot6d_1459_0100000steps,act,100000,10,/mnt/data/zfei/lerobot-act-flow-ablation/archive/report_ckpts/act_umi_identity_rot6d_1459/act_umi_identity_rot6d_1459/checkpoints/0100000/pretrained_model,0.0013090682668516814,0.0009846771988291036,0.0016913677318226286,4.501140911117196,3.9755804416731007,5.057843911880626,0.07382143574248767,0.06460061370026668,0.08409192561770032,0.22129026958253234,0.19367805915975472,0.25206080104444395,0.0015128281861579312,0.0009926121879737398,0.0021294353208365026
act_umi_identity_rot6d_1459_0100000steps,act,100000,30,/mnt/data/zfei/lerobot-act-flow-ablation/archive/report_ckpts/act_umi_identity_rot6d_1459/act_umi_identity_rot6d_1459/checkpoints/0100000/pretrained_model,0.0022557831575577437,0.002002019713321169,0.002520834725245549,10.00661883674562,8.81434369906485,11.340354459391538,0.29349583194847223,0.2599624706779316,0.330399025891948,0.8794971223194153,0.7789611461094812,0.9900192358043273,0.002184494366968497,0.001795594210513525,0.0026024759890167755
act_umi_identity_rot6d_1459_0200000steps,act,200000,10,/mnt/data/zfei/lerobot-act-flow-ablation/archive/report_ckpts/act_umi_identity_rot6d_1459/act_umi_identity_rot6d_1459/checkpoints/0200000/pretrained_model,0.0015049039590830948,0.0010816280019780144,0.0020030900777409447,4.453623996455222,3.947915958209428,5.012132872238848,0.07577556515473409,0.06645812018513973,0.08627834124506632,0.22713329781859645,0.19921885203279965,0.2585671715909963,0.0018237338210356261,0.0011441530683594166,0.0026319756636961206
act_umi_identity_rot6d_1459_0200000steps,act,200000,30,/mnt/data/zfei/lerobot-act-flow-ablation/archive/report_ckpts/act_umi_identity_rot6d_1459/act_umi_identity_rot6d_1459/checkpoints/0200000/pretrained_model,0.0020833530776581026,0.0018030586652038442,0.002394618681315296,8.035039961904287,7.201180688905342,8.949450017493588,0.2266954939235293,0.2018707780249934,0.25377682607291435,0.6792701171453808,0.6049275239835027,0.7604921124382319,0.0022459799540984256,0.001812159557295043,0.0027458359324238324
act_umi_identity_rot6d_1459_0300000steps,act,300000,10,/mnt/data/zfei/lerobot-act-flow-ablation/archive/report_ckpts/act_umi_identity_rot6d_1459/act_umi_identity_rot6d_1459/checkpoints/0300000/pretrained_model,0.00124438208565698,0.0009367320091298097,0.0016093365583830749,4.1557699214816095,3.680886118841915,4.667994435551761,0.07466602769627935,0.06572169716023492,0.08439904578212153,0.2237898167807143,0.1969953584105184,0.2529504934126161,0.0014359542946655907,0.0009388263253159736,0.0020216240321208915
act_umi_identity_rot6d_1459_0300000steps,act,300000,30,/mnt/data/zfei/lerobot-act-flow-ablation/archive/report_ckpts/act_umi_identity_rot6d_1459/act_umi_identity_rot6d_1459/checkpoints/0300000/pretrained_model,0.0017329859380843119,0.001503760943996531,0.001997838577642324,7.076976730450988,6.311523707747458,7.860039057148993,0.18368022129219025,0.16345670153500397,0.20604427932108513,0.55031283032801,0.489757087547029,0.6172596709568516,0.0018641279832755748,0.001499784339896125,0.002294808257088134
act_umi_identity_rot6d_1459_0400000steps,act,400000,10,/mnt/data/zfei/lerobot-act-flow-ablation/archive/report_ckpts/act_umi_identity_rot6d_1459/act_umi_identity_rot6d_1459/checkpoints/0400000/pretrained_model,0.0012532653537437,0.0009727455532280599,0.001575165780616316,3.960431342866272,3.544208390460909,4.440713809075674,0.07458347323571797,0.0650994778309425,0.08489704645453601,0.22353364915656854,0.19513820831851347,0.25442542612279073,0.0014626880612082825,0.0010074309896653747,0.001982220365732082
act_umi_identity_rot6d_1459_0400000steps,act,400000,30,/mnt/data/zfei/lerobot-act-flow-ablation/archive/report_ckpts/act_umi_identity_rot6d_1459/act_umi_identity_rot6d_1459/checkpoints/0400000/pretrained_model,0.0016610968118657182,0.0014369416204765917,0.0019257155083773803,6.293836412087082,5.699299169303104,6.921935923760015,0.16860316192149188,0.1514974657612037,0.18639909964834805,0.5052177729946561,0.45404135136576373,0.5585593919905019,0.0018504422318752706,0.0014798274524019449,0.0022846175482361493
act_umi_identity_rot6d_1459_0500000steps,act,500000,10,/mnt/data/zfei/lerobot-act-flow-ablation/archive/report_ckpts/act_umi_identity_rot6d_1459/act_umi_identity_rot6d_1459/checkpoints/0500000/pretrained_model,0.001251152637149062,0.0009872502987745067,0.0015402312474810508,4.051368286110461,3.6003888476451875,4.532896849109232,0.07372272538475227,0.06502905958453488,0.08319181585401525,0.220924510397017,0.19489815224434726,0.24925748796948463,0.0014576509555482833,0.0010281105705621748,0.0019290296627083611
act_umi_identity_rot6d_1459_0500000steps,act,500000,30,/mnt/data/zfei/lerobot-act-flow-ablation/archive/report_ckpts/act_umi_identity_rot6d_1459/act_umi_identity_rot6d_1459/checkpoints/0500000/pretrained_model,0.0017384132146216868,0.0015161990301820881,0.0019866450124043696,6.3544151763767,5.699568426302819,7.049492962213232,0.15747737548314036,0.14119153921622787,0.17608733271935484,0.47180689717549823,0.423101604118431,0.5274290352643235,0.002003610262962412,0.0016420762200297253,0.0024061917799230205
act_umi_identity_rot6d_1459_0600000steps,act,600000,10,/mnt/data/zfei/lerobot-act-flow-ablation/archive/report_ckpts/act_umi_identity_rot6d_1459/act_umi_identity_rot6d_1459/checkpoints/0600000/pretrained_model,0.001177406851602427,0.0009202847503404435,0.0014688228523045824,3.967957603037357,3.549390077645146,4.420173039162903,0.07158770325733349,0.06323933603888146,0.08036538713993507,0.21457252604421231,0.18958969131922343,0.24083957736841394,0.0013536365766476796,0.0009374112834155725,0.001824994284431996
act_umi_identity_rot6d_1459_0600000steps,act,600000,30,/mnt/data/zfei/lerobot-act-flow-ablation/archive/report_ckpts/act_umi_identity_rot6d_1459/act_umi_identity_rot6d_1459/checkpoints/0600000/pretrained_model,0.0015582134454889453,0.0013548800093178214,0.0017932995499391829,5.936481804400683,5.348720466788856,6.545541440062223,0.14617840913403776,0.13199828368655878,0.16151630240352824,0.43798741678800435,0.39560576402898895,0.48388518518956825,0.001769489132999012,0.0014387649267127624,0.0021596471119837025
act_umi_identity_rot6d_1459_0700000steps,act,700000,10,/mnt/data/zfei/lerobot-act-flow-ablation/archive/report_ckpts/act_umi_identity_rot6d_1459/act_umi_identity_rot6d_1459/checkpoints/0700000/pretrained_model,0.0012061010334018648,0.0009606080019837461,0.001480072750255385,4.052718845136463,3.5995505558900507,4.535072787415981,0.07352997704420706,0.0650550688970834,0.0827240080340882,0.22037732655927533,0.19499980535532815,0.24792714437539695,0.0013865975462629566,0.0009909950349137077,0.0018296136046122907
act_umi_identity_rot6d_1459_0700000steps,act,700000,30,/mnt/data/zfei/lerobot-act-flow-ablation/archive/report_ckpts/act_umi_identity_rot6d_1459/act_umi_identity_rot6d_1459/checkpoints/0700000/pretrained_model,0.001612950281458325,0.001404023673317716,0.0018483237432572422,6.138938422992825,5.4659668493554,6.858515717878935,0.14489796998910606,0.13186904060947705,0.15880634134154545,0.4341675802613608,0.3951793028473504,0.47582101431413315,0.0018512518423235169,0.001515197238896877,0.002231255989953561
act_umi_identity_rot6d_1459_0800000steps,act,800000,10,/mnt/data/zfei/lerobot-act-flow-ablation/archive/report_ckpts/act_umi_identity_rot6d_1459/act_umi_identity_rot6d_1459/checkpoints/0800000/pretrained_model,0.0012028533122665976,0.0009576404528024794,0.001467763210075464,3.8838868968710307,3.470353817475027,4.316803729891406,0.07132873313379241,0.06252788883834436,0.08054628914666684,0.21378567908983684,0.18743879872077368,0.2413383950415183,0.0014003966042644503,0.0010076481964931912,0.0018330786512478323
act_umi_identity_rot6d_1459_0800000steps,act,800000,30,/mnt/data/zfei/lerobot-act-flow-ablation/archive/report_ckpts/act_umi_identity_rot6d_1459/act_umi_identity_rot6d_1459/checkpoints/0800000/pretrained_model,0.0015848806939557105,0.001376729774936848,0.001822925469398842,5.642020578712224,5.056178196512909,6.24583552460186,0.13889860697602854,0.12632451443021425,0.15269634755088485,0.4161756995478645,0.3785588850994594,0.4574451573372351,0.0018576271579701887,0.001522142055690197,0.0022415841315229575
act_umi_identity_rot6d_1459_0900000steps,act,900000,10,/mnt/data/zfei/lerobot-act-flow-ablation/archive/report_ckpts/act_umi_identity_rot6d_1459/act_umi_identity_rot6d_1459/checkpoints/0900000/pretrained_model,0.001188699065403853,0.0009410174514109715,0.0014616010885863035,3.929126938872039,3.503897735224292,4.365888673510777,0.07556846064788988,0.0670719974279971,0.08496012650334012,0.22648820694850294,0.20105743254880942,0.2546272888066073,0.001363138367444958,0.0009668860536164299,0.0018065868558842053
act_umi_identity_rot6d_1459_0900000steps,act,900000,30,/mnt/data/zfei/lerobot-act-flow-ablation/archive/report_ckpts/act_umi_identity_rot6d_1459/act_umi_identity_rot6d_1459/checkpoints/0900000/pretrained_model,0.0015092699449724021,0.0013186931272628503,0.001724198001486957,5.647578386411071,5.072644377014043,6.2452146304875615,0.1468200982507551,0.1340424287315923,0.16075293450128805,0.43996652399422603,0.4016816546457353,0.48164806500236723,0.0017071227899136997,0.0013992997123383883,0.002052600313105032
act_umi_identity_rot6d_1459_1000000steps,act,1000000,10,/mnt/data/zfei/lerobot-act-flow-ablation/archive/report_ckpts/act_umi_identity_rot6d_1459/act_umi_identity_rot6d_1459/checkpoints/1000000/pretrained_model,0.0011297816708920436,0.0008945690448879302,0.0013948935121813517,3.9505961907133456,3.5336744229314845,4.374521380393768,0.07036968563630944,0.06244888540251413,0.07879854404121724,0.21091991128493098,0.18721232431079268,0.23616991143242913,0.0012823694489804002,0.0009052222829819084,0.0017117222992900725
act_umi_identity_rot6d_1459_1000000steps,act,1000000,30,/mnt/data/zfei/lerobot-act-flow-ablation/archive/report_ckpts/act_umi_identity_rot6d_1459/act_umi_identity_rot6d_1459/checkpoints/1000000/pretrained_model,0.0015062078354530963,0.0012873217519007996,0.0017595094726892975,5.481473504357041,4.85495364454631,6.147292060250231,0.13439860033418516,0.12043901229408809,0.1504517051338422,0.40274020426278,0.36095609708672277,0.4508162277391936,0.0017522513796425657,0.0014038808181985934,0.0021612099707367712
act_umi_identity_rot6d_1459_1100000steps,act,1100000,10,/mnt/data/zfei/lerobot-act-flow-ablation/archive/report_ckpts/act_umi_identity_rot6d_1459/act_umi_identity_rot6d_1459/checkpoints/1100000/pretrained_model,0.0012364616627874058,0.0009596008522439208,0.001551715331906462,3.8373060105554764,3.459756806431153,4.225765821153299,0.07316599802742711,0.06463667540907042,0.08253777914126402,0.21928495184308844,0.193747608368221,0.2473560916412099,0.0014537090722774224,0.001007712940108612,0.001962187744447583
act_umi_identity_rot6d_1459_1100000steps,act,1100000,30,/mnt/data/zfei/lerobot-act-flow-ablation/archive/report_ckpts/act_umi_identity_rot6d_1459/act_umi_identity_rot6d_1459/checkpoints/1100000/pretrained_model,0.0015847551067199675,0.0013593809794675506,0.0018419102439115706,5.411659435540437,4.855939090856908,5.987915047405659,0.13366457836609336,0.12239235633111087,0.1462700114934589,0.40051963444892325,0.3667492353840266,0.4382095567732816,0.001892668858958157,0.0015274152138089769,0.0023156521284405252
act_umi_identity_rot6d_1459_1200000steps,act,1200000,10,/mnt/data/zfei/lerobot-act-flow-ablation/archive/report_ckpts/act_umi_identity_rot6d_1459/act_umi_identity_rot6d_1459/checkpoints/1200000/pretrained_model,0.001177185617654686,0.0009347045537836034,0.0014449502485289934,3.955092746850103,3.5234701599319447,4.398927203897108,0.07650816219154512,0.06760538005994164,0.086028311642351,0.22932584566483272,0.20266299638478089,0.2578615857855417,0.0013364517253516054,0.0009462042930670913,0.001774259574102914
act_umi_identity_rot6d_1459_1200000steps,act,1200000,30,/mnt/data/zfei/lerobot-act-flow-ablation/archive/report_ckpts/act_umi_identity_rot6d_1459/act_umi_identity_rot6d_1459/checkpoints/1200000/pretrained_model,0.0015437432152593828,0.001321850656754623,0.0018057290736821856,5.647121337592601,5.009307049303875,6.310148577284814,0.1423029024016578,0.1304440458669328,0.15498328415678111,0.42645115583739246,0.3909043859496246,0.4644516507012015,0.00178231890112469,0.001424708879366647,0.002218682852444537
act_umi_identity_rot6d_1459_1300000steps,act,1300000,10,/mnt/data/zfei/lerobot-act-flow-ablation/archive/report_ckpts/act_umi_identity_rot6d_1459/act_umi_identity_rot6d_1459/checkpoints/1300000/pretrained_model,0.00119717774091896,0.0009457810464523842,0.00147563885648326,3.8904506524428717,3.5014935820598154,4.298748284765705,0.07275487153569701,0.06422112947983262,0.08178516871166067,0.21804888063855468,0.19249637290525723,0.24508455074941737,0.001387925950494701,0.0009783014549884343,0.001838868419880895
act_umi_identity_rot6d_1459_1300000steps,act,1300000,30,/mnt/data/zfei/lerobot-act-flow-ablation/archive/report_ckpts/act_umi_identity_rot6d_1459/act_umi_identity_rot6d_1459/checkpoints/1300000/pretrained_model,0.0016234298223680524,0.0013965709298426195,0.0018954132241959089,5.380246907562018,4.745652129081637,6.045323997063189,0.131091716700932,0.11970889585916306,0.14421613180572163,0.3928291469523683,0.3588314754106339,0.4321297743772392,0.001967228169937248,0.0015959851922236507,0.0024134206852285634
act_umi_identity_rot6d_1459_1400000steps,act,1400000,10,/mnt/data/zfei/lerobot-act-flow-ablation/archive/report_ckpts/act_umi_identity_rot6d_1459/act_umi_identity_rot6d_1459/checkpoints/1400000/pretrained_model,0.001218172750995109,0.0009501007204411507,0.001515748912794015,3.8234914435520775,3.444777605327405,4.213527610552682,0.07173949643573724,0.0635090752382588,0.08053411347532524,0.21503270381037148,0.19037527188160452,0.24137214248855585,0.0014268830502356437,0.0009950320811986982,0.0019095198264857697
act_umi_identity_rot6d_1459_1400000steps,act,1400000,30,/mnt/data/zfei/lerobot-act-flow-ablation/archive/report_ckpts/act_umi_identity_rot6d_1459/act_umi_identity_rot6d_1459/checkpoints/1400000/pretrained_model,0.0015639941175195418,0.001334470451278685,0.0018344054503342702,5.210630817621946,4.645201290100068,5.811234875496104,0.12564914948679506,0.11482627389243565,0.1372936312290723,0.3765399338360876,0.3441327629329171,0.41139526707031776,0.0018952710051782235,0.0015252268800905815,0.0023388792607133735
act_umi_identity_rot6d_1459_1500000steps,act,1500000,10,/mnt/data/zfei/lerobot-act-flow-ablation/archive/report_ckpts/act_umi_identity_rot6d_1459/act_umi_identity_rot6d_1459/checkpoints/1500000/pretrained_model,0.0011776264451382303,0.0009130443057175394,0.0014803709512278135,3.808495005276055,3.4123677857538692,4.233332563320269,0.07312067118659617,0.06480981116374024,0.08241161119786561,0.21918357503041627,0.19426698534211606,0.24701828846815035,0.0013589580435200241,0.000932093583219377,0.001846197538593271
act_umi_identity_rot6d_1459_1500000steps,act,1500000,30,/mnt/data/zfei/lerobot-act-flow-ablation/archive/report_ckpts/act_umi_identity_rot6d_1459/act_umi_identity_rot6d_1459/checkpoints/1500000/pretrained_model,0.0015833713782467387,0.0013557156592190493,0.001844764908579008,5.441496715798975,4.809763398651034,6.118578618216517,0.1313451867555268,0.12065029746124059,0.14320678050261923,0.3936099483408034,0.36156105844764985,0.42912215463216397,0.001894140172620343,0.0015276792059639949,0.0023115662280618066
act_umi_identity_rot6d_1459_1600000steps,act,1600000,10,/mnt/data/zfei/lerobot-act-flow-ablation/archive/report_ckpts/act_umi_identity_rot6d_1459/act_umi_identity_rot6d_1459/checkpoints/1600000/pretrained_model,0.0011793360251867854,0.0009319840514731372,0.0014591718265380674,3.8819222787916656,3.4689490840651103,4.2975187461949895,0.07255847684375477,0.06407127188323941,0.08186432259108405,0.21749825056968253,0.19206792264260586,0.2453717887295411,0.0013595689159876564,0.0009564229217165224,0.0018114391291790028
act_umi_identity_rot6d_1459_1600000steps,act,1600000,30,/mnt/data/zfei/lerobot-act-flow-ablation/archive/report_ckpts/act_umi_identity_rot6d_1459/act_umi_identity_rot6d_1459/checkpoints/1600000/pretrained_model,0.0015748146401201666,0.0013498859060018724,0.0018449432698572315,5.186326919570565,4.55216604073979,5.862330202739686,0.1274928980031982,0.11675475870308002,0.13927559600907843,0.38207141993893307,0.3499311391781784,0.4173241024061339,0.0019130503514268662,0.0015479260762322567,0.0023549845623912127
act_umi_identity_rot6d_1459_1700000steps,act,1700000,10,/mnt/data/zfei/lerobot-act-flow-ablation/archive/report_ckpts/act_umi_identity_rot6d_1459/act_umi_identity_rot6d_1459/checkpoints/1700000/pretrained_model,0.0011631954251188291,0.0009225848152774231,0.001438564889784357,3.952487695559859,3.545617353899402,4.366955467526988,0.07651867361023322,0.06765089326095912,0.08607827166849749,0.22935796957532875,0.20281222858048864,0.257988467754866,0.0013105915134156503,0.0009193064892338417,0.0017554473235595607
act_umi_identity_rot6d_1459_1700000steps,act,1700000,30,/mnt/data/zfei/lerobot-act-flow-ablation/archive/report_ckpts/act_umi_identity_rot6d_1459/act_umi_identity_rot6d_1459/checkpoints/1700000/pretrained_model,0.001567393372368315,0.0013541405131193643,0.0018144896436685027,5.343379090890288,4.73917799926363,5.969148818204177,0.12593686709646135,0.11570165001724383,0.13705339703955688,0.3773940156931057,0.34679635576745493,0.41063980469391664,0.001889821859394841,0.0015400908232788763,0.0022934591624068057
act_umi_identity_rot6d_1459_1800000steps,act,1800000,10,/mnt/data/zfei/lerobot-act-flow-ablation/archive/report_ckpts/act_umi_identity_rot6d_1459/act_umi_identity_rot6d_1459/checkpoints/1800000/pretrained_model,0.0012097872938938963,0.0009543492440312545,0.001503088510399085,3.8573281011134384,3.4671285158388336,4.256288352156804,0.07151290375832468,0.06362635946827942,0.08000301473178552,0.21435920365108177,0.19072671806187144,0.23980109270928665,0.0014139491233908282,0.000999262949286509,0.001886198339797343
act_umi_identity_rot6d_1459_1800000steps,act,1800000,30,/mnt/data/zfei/lerobot-act-flow-ablation/archive/report_ckpts/act_umi_identity_rot6d_1459/act_umi_identity_rot6d_1459/checkpoints/1800000/pretrained_model,0.0015866265662643855,0.0013556414598453108,0.0018524220686199444,5.103496723532676,4.544123244718461,5.678614127394557,0.12429694382892922,0.11406525356468047,0.13537782493064882,0.37247718751896164,0.34184929861864066,0.40562347175288016,0.0019458759554576073,0.001569571190666248,0.0023813087329804025
act_umi_identity_rot6d_1459_1900000steps,act,1900000,10,/mnt/data/zfei/lerobot-act-flow-ablation/archive/report_ckpts/act_umi_identity_rot6d_1459/act_umi_identity_rot6d_1459/checkpoints/1900000/pretrained_model,0.0011619683563294531,0.0009095840834542744,0.0014529674829648228,3.884399164624512,3.481106579763627,4.298673832189477,0.07301717186369933,0.06486082774221434,0.08215172667090664,0.21886345135653393,0.19441996722896582,0.24621608562889735,0.0013307075422406395,0.0009215912886667662,0.0018011543943510363
act_umi_identity_rot6d_1459_1900000steps,act,1900000,30,/mnt/data/zfei/lerobot-act-flow-ablation/archive/report_ckpts/act_umi_identity_rot6d_1459/act_umi_identity_rot6d_1459/checkpoints/1900000/pretrained_model,0.0014699456489106525,0.0012634496798171317,0.0017067077602279824,5.218732988685369,4.587379123339802,5.888253311990201,0.12561411651887464,0.11415241462154953,0.1382484122689638,0.3764420384927653,0.3420710133360118,0.414275864606013,0.00173789924128793,0.0014057767091803495,0.0021239529330990435
act_umi_identity_rot6d_1459_2000000steps,act,2000000,10,/mnt/data/zfei/lerobot-act-flow-ablation/archive/report_ckpts/act_umi_identity_rot6d_1459/act_umi_identity_rot6d_1459/checkpoints/2000000/pretrained_model,0.001196577383518161,0.0009430448470881403,0.0014864340829863062,3.8352117477506398,3.4500160618938516,4.22040029047504,0.07434226411185225,0.0654577967247693,0.0841139755907236,0.22283607215806842,0.19621642991811952,0.2521018687658943,0.0013826411884605625,0.000970934449422099,0.00184916731890617
act_umi_identity_rot6d_1459_2000000steps,act,2000000,30,/mnt/data/zfei/lerobot-act-flow-ablation/archive/report_ckpts/act_umi_identity_rot6d_1459/act_umi_identity_rot6d_1459/checkpoints/2000000/pretrained_model,0.001565744069057473,0.001343132714294461,0.0018275251120722705,5.022329929426312,4.461494197068736,5.641767385899648,0.12355290004168637,0.11305008120097336,0.1349556803632586,0.37023684334568685,0.3388025278883521,0.4043476236021613,0.001916471063496373,0.0015573345888969076,0.002346231519986191
act_umi_identity_rot6d_1459_2100000steps,act,2100000,10,/mnt/data/zfei/lerobot-act-flow-ablation/archive/report_ckpts/act_umi_identity_rot6d_1459/act_umi_identity_rot6d_1459/checkpoints/2100000/pretrained_model,0.0011646652149138392,0.0009295850651434195,0.0014273391433982396,3.926677147567272,3.5125868829667595,4.342625350663068,0.07241604470578021,0.0640040566011681,0.08165626638055543,0.21705132410768413,0.19184712757132952,0.24473172747078353,0.0013323752152633258,0.0009520828277983854,0.0017596072352080193
act_umi_identity_rot6d_1459_2100000steps,act,2100000,30,/mnt/data/zfei/lerobot-act-flow-ablation/archive/report_ckpts/act_umi_identity_rot6d_1459/act_umi_identity_rot6d_1459/checkpoints/2100000/pretrained_model,0.0016048463722072484,0.0013838160157208222,0.0018513659787740833,5.254466807693245,4.620788371702283,5.935171155547351,0.12668356330832467,0.1160838369816542,0.1379449396517245,0.379624629237689,0.34791628793294094,0.4133364004437115,0.0019575509787958163,0.0015970114168152032,0.0023580551619014774
act_umi_identity_rot6d_1459_2200000steps,act,2200000,10,/mnt/data/zfei/lerobot-act-flow-ablation/archive/report_ckpts/act_umi_identity_rot6d_1459/act_umi_identity_rot6d_1459/checkpoints/2200000/pretrained_model,0.0011885749501689134,0.0009368464784156917,0.0014807042253660258,3.8961532076448195,3.490749102762527,4.312260010631944,0.0723556606088532,0.06420317594964584,0.08115902652833319,0.2168773706268985,0.19245658765707047,0.24326416289408817,0.001373168590669156,0.0009639109622934567,0.0018415548522178128
act_umi_identity_rot6d_1459_2200000steps,act,2200000,30,/mnt/data/zfei/lerobot-act-flow-ablation/archive/report_ckpts/act_umi_identity_rot6d_1459/act_umi_identity_rot6d_1459/checkpoints/2200000/pretrained_model,0.0015605943043447044,0.0013366612931232339,0.0018223846677963595,5.062894349515439,4.497221153985712,5.6474406487308455,0.1210747476494871,0.11136904533959463,0.13141586189796223,0.3628225356834009,0.33380017075096274,0.39375046917339795,0.0019138217575780927,0.001549871763756192,0.0023443121358104548
act_umi_identity_rot6d_1459_2300000steps,act,2300000,10,/mnt/data/zfei/lerobot-act-flow-ablation/archive/report_ckpts/act_umi_identity_rot6d_1459/act_umi_identity_rot6d_1459/checkpoints/2300000/pretrained_model,0.0011994620780806146,0.0009479571595845758,0.0014854712934855344,3.8122541747838254,3.404688921489567,4.228215971985461,0.0709501159231877,0.06316686064422247,0.07964613371358426,0.2126602491212543,0.18934870578012786,0.23870221759598345,0.0014030739217516044,0.0009946413949395157,0.0018643704242252278
act_umi_identity_rot6d_1459_2300000steps,act,2300000,30,/mnt/data/zfei/lerobot-act-flow-ablation/archive/report_ckpts/act_umi_identity_rot6d_1459/act_umi_identity_rot6d_1459/checkpoints/2300000/pretrained_model,0.001508579173198086,0.0012908004278255247,0.0017776242573860153,4.915389304623008,4.317180400677028,5.555815791497379,0.11695621590851805,0.10678143252907324,0.12771047316545156,0.3504579138257541,0.3200277479016221,0.38262946650417284,0.0018483050575846824,0.0014902231746438445,0.002297902609671187
act_umi_identity_rot6d_1459_2400000steps,act,2400000,10,/mnt/data/zfei/lerobot-act-flow-ablation/archive/report_ckpts/act_umi_identity_rot6d_1459/act_umi_identity_rot6d_1459/checkpoints/2400000/pretrained_model,0.0011916545323674655,0.0009380456856760253,0.001475864617695151,3.9132430692464113,3.4842880330093204,4.359310605847277,0.07032681873539696,0.06231688157225874,0.07915666336242726,0.21079728292627262,0.18680006127835955,0.23726071284586794,0.001384574004378713,0.000979856034021639,0.0018387004619832149
act_umi_identity_rot6d_1459_2400000steps,act,2400000,30,/mnt/data/zfei/lerobot-act-flow-ablation/archive/report_ckpts/act_umi_identity_rot6d_1459/act_umi_identity_rot6d_1459/checkpoints/2400000/pretrained_model,0.0015287622918458508,0.0013115914793336283,0.0017710564791784688,5.092270343288779,4.477957750315592,5.74890296538286,0.11599315231159561,0.10547719197466501,0.12738028181317348,0.34760999191855085,0.3161241247400989,0.38168122664036347,0.0018737113857928483,0.0015257799197181056,0.002267119655488011
act_umi_identity_rot6d_1459_2500000steps,act,2500000,10,/mnt/data/zfei/lerobot-act-flow-ablation/archive/report_ckpts/act_umi_identity_rot6d_1459/act_umi_identity_rot6d_1459/checkpoints/2500000/pretrained_model,0.0010856654360413812,0.0008701539794882592,0.001325892345369493,3.7715043053030963,3.3620080217078328,4.204325593735651,0.07133653863030485,0.06318004491063182,0.08026747566442353,0.21381888323649764,0.18942187447331385,0.24054883127969212,0.0012201584465301365,0.0008698928176816964,0.0016118652292245535
act_umi_identity_rot6d_1459_2500000steps,act,2500000,30,/mnt/data/zfei/lerobot-act-flow-ablation/archive/report_ckpts/act_umi_identity_rot6d_1459/act_umi_identity_rot6d_1459/checkpoints/2500000/pretrained_model,0.0014763491402509318,0.001270651192199261,0.0017094639825966395,5.027291307240725,4.405973172820361,5.68575545833781,0.1200894778522197,0.10975676242505435,0.13130605552261693,0.359860259365756,0.3289123089843663,0.39343754347887616,0.0017763392142811812,0.0014471475177305609,0.0021537196365929334
act_umi_identity_rot6d_1459_2600000steps,act,2600000,10,/mnt/data/zfei/lerobot-act-flow-ablation/archive/report_ckpts/act_umi_identity_rot6d_1459/act_umi_identity_rot6d_1459/checkpoints/2600000/pretrained_model,0.001201261713566055,0.0009480729096759663,0.001486910080899497,3.8432229168638594,3.428541901085154,4.280329263663847,0.07155502979108132,0.06397927335290003,0.07966366464437452,0.21447897304780777,0.1917670874988893,0.23876461076959962,0.0013976574164130575,0.0009847644517848807,0.0018575714672129295
act_umi_identity_rot6d_1459_2600000steps,act,2600000,30,/mnt/data/zfei/lerobot-act-flow-ablation/archive/report_ckpts/act_umi_identity_rot6d_1459/act_umi_identity_rot6d_1459/checkpoints/2600000/pretrained_model,0.001527464245307783,0.0013030194148808726,0.0017896720722770615,5.032200008302927,4.431194115269186,5.690752715999633,0.11575621874490753,0.10597369397170843,0.12621627208290156,0.3468706345120445,0.3176423051086721,0.37818136243319617,0.001879113361158343,0.0015169846861290033,0.0023130804891029477
act_umi_identity_rot6d_1459_2700000steps,act,2700000,10,/mnt/data/zfei/lerobot-act-flow-ablation/archive/report_ckpts/act_umi_identity_rot6d_1459/act_umi_identity_rot6d_1459/checkpoints/2700000/pretrained_model,0.0011577144347720604,0.0009161416391693821,0.0014322394127500957,3.7616664592623716,3.364581961195357,4.1787915122961605,0.07090302669222001,0.0628832816181821,0.07966091257915539,0.2125242197718471,0.18849234204660167,0.23873200441149525,0.001337082715205742,0.0009467243571166779,0.0017836089855558497
act_umi_identity_rot6d_1459_2700000steps,act,2700000,30,/mnt/data/zfei/lerobot-act-flow-ablation/archive/report_ckpts/act_umi_identity_rot6d_1459/act_umi_identity_rot6d_1459/checkpoints/2700000/pretrained_model,0.0015222173208712772,0.0013035441768024605,0.0017780864171783835,4.867355973795056,4.282962589627877,5.512057651093604,0.11862475862656721,0.10766839148370201,0.1307604022437008,0.3554945441503077,0.3227216777434108,0.3918267654576806,0.0018740933829163111,0.0015141616871059084,0.002288861410034966
act_umi_identity_rot6d_1459_2800000steps,act,2800000,10,/mnt/data/zfei/lerobot-act-flow-ablation/archive/report_ckpts/act_umi_identity_rot6d_1459/act_umi_identity_rot6d_1459/checkpoints/2800000/pretrained_model,0.0011805886940073832,0.0009441598222821082,0.0014451096931667959,3.823927927643061,3.422609974598886,4.243186955957116,0.07163404193869792,0.06361825709868572,0.08035295063261291,0.2147032466859091,0.19072420166757065,0.2407734961169248,0.0013639837053289897,0.00098452420775689,0.001790358436804426
act_umi_identity_rot6d_1459_2800000steps,act,2800000,30,/mnt/data/zfei/lerobot-act-flow-ablation/archive/report_ckpts/act_umi_identity_rot6d_1459/act_umi_identity_rot6d_1459/checkpoints/2800000/pretrained_model,0.0015141969246506052,0.001293794221714051,0.001775509603386035,4.8938628289103505,4.306258239329605,5.510640173879267,0.11407478787819855,0.10416512095041694,0.12511619164674193,0.34184098049765443,0.31217928017443053,0.37490358777538646,0.0018683902403958314,0.0015089364055819868,0.0022938492020000475
act_umi_identity_rot6d_1459_2900000steps,act,2900000,10,/mnt/data/zfei/lerobot-act-flow-ablation/archive/report_ckpts/act_umi_identity_rot6d_1459/act_umi_identity_rot6d_1459/checkpoints/2900000/pretrained_model,0.0011856596288671425,0.0009252928716853607,0.0014890928536405224,3.8390631585307413,3.437596586711704,4.2501416074469685,0.07209228347917088,0.06372840943241606,0.08125308408925773,0.21610083277337253,0.19102314313943497,0.24354178817528296,0.0013721443494899498,0.0009528323892338556,0.001860195486236116
act_umi_identity_rot6d_1459_2900000steps,act,2900000,30,/mnt/data/zfei/lerobot-act-flow-ablation/archive/report_ckpts/act_umi_identity_rot6d_1459/act_umi_identity_rot6d_1459/checkpoints/2900000/pretrained_model,0.0015625007267281033,0.0013325893407230985,0.0018369324049421728,4.984614104330539,4.3862063206829145,5.618401788471639,0.1169708083336009,0.10608400769622527,0.1290206810622418,0.3505359736254905,0.3179564157346263,0.38660887201435973,0.0019401796942341268,0.0015637029672851475,0.0023917361899019134
act_umi_identity_rot6d_1459_3000000steps,act,3000000,10,/mnt/data/zfei/lerobot-act-flow-ablation/archive/report_ckpts/act_umi_identity_rot6d_1459/act_umi_identity_rot6d_1459/checkpoints/3000000/pretrained_model,0.0011960524646929115,0.0009453170475898791,0.001483278746085033,3.7838779304176575,3.3853193659950036,4.205317948858068,0.0728440347185824,0.06510829454295455,0.08134604963141026,0.21834376745484768,0.19517881363080816,0.24379948667085266,0.0013918408041698094,0.0009840414541193525,0.0018559556801517774
act_umi_identity_rot6d_1459_3000000steps,act,3000000,30,/mnt/data/zfei/lerobot-act-flow-ablation/archive/report_ckpts/act_umi_identity_rot6d_1459/act_umi_identity_rot6d_1459/checkpoints/3000000/pretrained_model,0.001565286581786495,0.0013457010356907626,0.001823329016261597,4.883043456822633,4.294006489534677,5.510019728860261,0.12146035904088057,0.11096579598397947,0.13316534454600187,0.3639783318976406,0.3325725966725965,0.3990497442370628,0.0019353254131783961,0.001579531667679069,0.0023591401326307168
diffusion_r18_seed1000_100000steps,diffusion,100000,10,/mnt/data/zfei/lerobot-act-flow-ablation/archive/report_ckpts/diffusion_r18/diffusion_r18_seed1000_100000steps/checkpoints/100000/pretrained_model,0.006127767464873614,0.005103492901724529,0.007245631488144861,14.786185053646564,12.798756562942264,17.194578405679756,0.589415561819449,0.5211766594865825,0.6636176794499625,1.7664567041024568,1.562032585852221,1.9889847656961537,0.006671682581756044,0.005036970242569684,0.008467744045226948
diffusion_r18_seed1000_100000steps,diffusion,100000,30,/mnt/data/zfei/lerobot-act-flow-ablation/archive/report_ckpts/diffusion_r18/diffusion_r18_seed1000_100000steps/checkpoints/100000/pretrained_model,0.020264952711877414,0.018162247246038172,0.022525884271404357,73.1936402822733,63.65212517671581,83.48744936077294,3.6294318312257525,3.1850286301512245,4.102416517726703,10.875059027314187,9.543827683448798,12.291719795645776,0.017877524664343013,0.014979614926515724,0.02104758421533393
diffusion_r18_seed1000_30000steps,diffusion,30000,10,/mnt/data/zfei/lerobot-act-flow-ablation/archive/report_ckpts/diffusion_r18/diffusion_r18_seed1000_30000steps/checkpoints/030000/pretrained_model,0.012910878514114299,0.010466276195278623,0.015715939035828345,25.15752695775032,22.143949365729096,28.626272282111646,1.200193078160286,1.0783293493956332,1.3297867075381804,3.596812088087201,3.2309903237462057,3.9847201583236447,0.014599713389379532,0.010674509594732312,0.019032121219116162
diffusion_r18_seed1000_30000steps,diffusion,30000,30,/mnt/data/zfei/lerobot-act-flow-ablation/archive/report_ckpts/diffusion_r18/diffusion_r18_seed1000_30000steps/checkpoints/030000/pretrained_model,0.042352476049447446,0.03821900615527122,0.04670988007810376,137.26488328957558,120.76660649307374,154.81736977030639,7.163583453685045,6.280941295278818,8.074806299217043,21.46689633136988,18.82420502447486,24.195919202165303,0.03986509064044913,0.034169223491297765,0.046034769336125866
diffusion_r18_seed2000_100000steps,diffusion,100000,10,/mnt/data/zfei/lerobot-act-flow-ablation/archive/report_ckpts/diffusion_r18/diffusion_r18_seed2000_100000steps/checkpoints/100000/pretrained_model,0.005504914748365991,0.0046210976422480605,0.006449031962803568,13.109886645019055,11.189158131287988,15.478047736182809,0.5156248772926628,0.4520227961583065,0.5851138268523847,1.5451148177683354,1.3546557940196249,1.7534548346713186,0.006068494237774871,0.004665027947646067,0.007592777289634372
diffusion_r18_seed2000_100000steps,diffusion,100000,30,/mnt/data/zfei/lerobot-act-flow-ablation/archive/report_ckpts/diffusion_r18/diffusion_r18_seed2000_100000steps/checkpoints/100000/pretrained_model,0.017506778730021325,0.015710857160371957,0.019425736171519378,55.92481490445136,48.85683630807997,63.620659333545014,2.960945464458316,2.590791784249899,3.3600718783955084,8.871420324400066,7.762123264817146,10.068485241571443,0.0166097407733169,0.014060274820805296,0.019297757427024543
diffusion_r18_seed3000_100000steps,diffusion,30000,10,/mnt/data/zfei/lerobot-act-flow-ablation/archive/report_ckpts/diffusion_r18/diffusion_r18_seed3000_100000steps/checkpoints/030000/pretrained_model,0.021530854512704534,0.019296519924749733,0.02396630928007653,67.2672958931923,59.15122448649403,76.32564233032467,3.6933496826849876,3.3022413807595146,4.112074503776244,11.06827290561795,9.896469352719935,12.324834212214498,0.01639177929903235,0.013242796985890615,0.01998278455991284
diffusion_r18_seed3000_100000steps,diffusion,30000,30,/mnt/data/zfei/lerobot-act-flow-ablation/archive/report_ckpts/diffusion_r18/diffusion_r18_seed3000_100000steps/checkpoints/030000/pretrained_model,0.060612716038245695,0.05584540236839092,0.06560352808834867,268.64472517967226,237.3928021342278,301.3414200437664,14.247152087837456,12.61764874420538,15.997018668705978,42.68841042211652,37.80694625083508,47.93321413297803,0.03917731116793584,0.034549824426403954,0.04403013947706748
lingbot_va_axis_angle_seed1000_100000steps,lingbot_va,100000,10,/mnt/data/zfei/lerobot-act-flow-ablation/eval/lingbot_cross_frame/checkpoints/100000,0.011324219095520678,0.009666191035065278,0.013367400505069238,46.85500799888373,42.29455643295201,51.6733657521144,1.7580610087439417,1.5377440254330637,1.989117654248141,5.2687206113934515,4.609330036167053,5.961405588190258,0.00883493172302451,0.006330383625099137,0.012089540224537041
lingbot_va_axis_angle_seed1000_200000steps,lingbot_va,200000,10,/mnt/data/zfei/lerobot-act-flow-ablation/eval/lingbot_cross_frame/checkpoints/200000,0.021246057117241434,0.01766224683538895,0.025124788800707017,43.65183807241917,38.72239351867736,49.08872057617902,1.566535440608859,1.3764991757171228,1.7752556603252878,4.694165444955229,4.124998326023668,5.319756292146443,0.025658264705054085,0.020041041162004114,0.03176617345244046
lingbot_va_axis_angle_seed1000_50000steps,lingbot_va,50000,10,/mnt/data/zfei/lerobot-act-flow-ablation/eval/lingbot_cross_frame/checkpoints/050000,0.008415234726824565,0.007522721005237691,0.009456103532010457,36.95466924214363,33.71377939224839,40.404546628510936,1.5047997918762266,1.349338226775359,1.6696017748887644,4.508842811241746,4.044025318459792,5.0026698032233865,0.005716009996198408,0.004425570125893864,0.007237131689294118
pi05_lora_sroi_rot6d_h30_bs4_1m_seed1000_0100000steps,pi05_lora_sroi_rot6d_h30_bs4_1m,100000,10,/mnt/data/zfei/openpi_checkpoints/pi05_lora_sroi_rot6d_h30_bs4_1m/run1/100000,0.0031031313191779196,0.002664319474434161,0.003582536910728231,11.92310114687681,10.660774310290815,13.280214848692717,0.3731002498362214,0.33843601632611836,0.40936468683918953,1.117270621933043,1.0138373587626963,1.2256514708971609,0.002861604842152701,0.002189996930260488,0.00361167099292713
pi05_lora_sroi_rot6d_h30_bs4_1m_seed1000_0100000steps,pi05_lora_sroi_rot6d_h30_bs4_1m,100000,30,/mnt/data/zfei/openpi_checkpoints/pi05_lora_sroi_rot6d_h30_bs4_1m/run1/100000,0.007865885532577523,0.007209891838658948,0.008546496392767588,44.45491799807548,39.716780229362826,49.566240630012764,1.4260871943086386,1.2983660721153019,1.5605044733162967,4.271293948948384,3.888705205032973,4.672884707363694,0.005757535771186667,0.004962785253123402,0.006597825407941616
pi05_lora_sroi_rot6d_h30_seed1000_0020000steps,pi05_lora_sroi_rot6d_h30,20000,10,/mnt/data/zfei/lerobot-act-flow-ablation/archive/report_ckpts/pi05_lora_sroi_rot6d_h30/run1/19999,0.0024825582088378725,0.0021585157145462288,0.002829969794511271,9.022111888885497,8.051238015593587,10.091123431684077,0.2605927080884576,0.2361231092466506,0.287070137049444,0.780624894991517,0.7074534165639432,0.859749035376683,0.00245216376715507,0.0019521902887136401,0.002989989877362846
pi05_lora_sroi_rot6d_h30_seed1000_0020000steps,pi05_lora_sroi_rot6d_h30,20000,30,/mnt/data/zfei/lerobot-act-flow-ablation/archive/report_ckpts/pi05_lora_sroi_rot6d_h30/run1/19999,0.005779421250044835,0.005348858662886779,0.006234042761033928,29.245944416344162,26.335767060501862,32.514217008982605,0.9820436365753412,0.8898765665002168,1.076926817597449,2.941551895499229,2.665288623096049,3.225813837929814,0.004703929603056622,0.004099369586184776,0.005359892965703695
pi05_lora_sroi_rot6d_seed1000_0020000steps,pi05_lora_sroi_rot6d,20000,10,/mnt/data/zfei/lerobot-act-flow-ablation/archive/report_ckpts/pi05_lora_sroi_rot6d/run1/19999,0.0025884391417494044,0.002223802735962091,0.0029886199577529625,8.210928850412369,7.416912960548698,9.045192106044292,0.31006239932216706,0.27836298435092904,0.3437531776896678,0.9289607515111565,0.8339898295138031,1.0298159252423793,0.002473484561551004,0.0019062928959821268,0.003098750720774191
pi05_lora_sroi_rotvec_seed1000_0020000steps,pi05_lora_sroi_rotvec,20000,10,/mnt/data/zfei/lerobot-act-flow-ablation/archive/report_ckpts/pi05_lora_sroi_rotvec/run1/19999,0.00272801602378604,0.002154716348134388,0.003413173082512367,7.691924099147318,6.934557821029426,8.524504558458926,0.24273724385071546,0.21293690136102963,0.2770784215392312,0.7273327830471098,0.6380311181193216,0.830216157985106,0.0029661698849591284,0.002063399928457372,0.004085401393774163
pi05_openpi1m_seed1000_0100001steps,pi05_lora_sroi_rot6d_1m,100001,10,/mnt/data/zfei/openpi_checkpoints/pi05_lora_sroi_rot6d_1m/run1/100000,0.0019738788139584355,0.0016841697607611424,0.002299736397964806,6.505451733738186,5.919549657280744,7.122470163007084,0.18056656130589543,0.1636432801161427,0.1987646510877181,0.5409458689913154,0.4903273184126242,0.5955364591130987,0.002052708699650395,0.0015871291073487985,0.002572351146721993
pi05_port_openpi_recipe_seed1000_020000steps,pi05,20000,10,/mnt/data/zfei/lerobot-act-flow-ablation/eval/jerk_reeval/patched_ckpts/pi05_port_openpi_recipe_seed1000_020000steps/pretrained_model,0.00473313842159405,0.004060855101040944,0.00548003353219792,15.283692640811205,13.083964975207302,17.816864624780415,0.5075243640635162,0.4648652432434726,0.5515424441379029,1.5203641645945611,1.3926468058383095,1.6522998398909348,0.004703051893434577,0.0036207763827650653,0.005926130604705231
pi05_port_openpi_recipe_seed1000_020000steps,pi05,20000,30,/mnt/data/zfei/lerobot-act-flow-ablation/eval/jerk_reeval/patched_ckpts/pi05_port_openpi_recipe_seed1000_020000steps/pretrained_model,0.01753996834019199,0.01596252168475185,0.01920720165915846,85.6650821407139,77.18623761644069,94.49853064082569,3.2186551684290174,2.9035211439870285,3.5517449632395057,9.640748670458795,8.695342921335996,10.639584554588799,0.01370004970688433,0.011429004905280713,0.01615879121462727
pi05_port_seed1000_0050000steps,pi05,50000,10,/mnt/data/zfei/lerobot-act-flow-ablation/archive/report_ckpts/pi05_port/pi05_openpi_split_lora_masked_1459_bs4_1m/checkpoints/0050000/pretrained_model,0.00405669629566546,0.0035692639527260305,0.0045964687547311745,14.817542145431046,13.024159523272516,16.818399254271387,0.5280971221867948,0.4830135142106561,0.5750849823335648,1.5820907123833894,1.4471309039093558,1.7228551660059024,0.003592354269796943,0.0028303739887245226,0.004454384641890395
pi05_port_seed1000_0050000steps,pi05,50000,30,/mnt/data/zfei/lerobot-act-flow-ablation/archive/report_ckpts/pi05_port/pi05_openpi_split_lora_masked_1459_bs4_1m/checkpoints/0050000/pretrained_model,0.014620399143896066,0.013500820863523406,0.015792399751665662,85.40212674695256,77.77608064862338,93.40874690841886,3.0687492036335176,2.7357037209562947,3.475630725261196,9.191001381501557,8.195628933945303,10.407520196478442,0.009319833676965572,0.007901372132942468,0.010855246522548963
pi05_port_seed1000_0100000steps,pi05,100000,10,/mnt/data/zfei/lerobot-act-flow-ablation/archive/report_ckpts/pi05_port/pi05_openpi_split_lora_masked_1459_bs4_1m/checkpoints/0100000/pretrained_model,0.004079635294248874,0.0035445009571136335,0.004674386523877002,13.175575332462786,11.616971746113153,14.853212786295265,0.4348495272956789,0.3968370828200596,0.47457486979789104,1.3026921145878734,1.1889129049482752,1.421628361502662,0.004079620673521276,0.003239577826493781,0.005041264229174146
pi05_port_seed1000_0100000steps,pi05,100000,30,/mnt/data/zfei/lerobot-act-flow-ablation/archive/report_ckpts/pi05_port/pi05_openpi_split_lora_masked_1459_bs4_1m/checkpoints/0100000/pretrained_model,0.009617563269508538,0.008993403997697168,0.010255997536107312,51.16030224168302,46.63746076883375,55.94346531837134,1.6157826761901384,1.4758201478064061,1.774513417037204,4.840395904153585,4.4215298301629735,5.315580913789567,0.007687655878146416,0.006777781739337786,0.008673311864113534
pi05_port_seed1000_0150000steps,pi05,150000,10,/mnt/data/zfei/lerobot-act-flow-ablation/archive/report_ckpts/pi05_port/pi05_openpi_split_lora_masked_1459_bs4_1m/checkpoints/0150000/pretrained_model,0.0028916377197820116,0.00252636698360093,0.0032950273906057204,10.592088228434324,9.300740008343753,12.034174629390993,0.30684217067994174,0.2804513704575832,0.3337133218174567,0.9191686413437129,0.8401940045101567,0.9997403551039284,0.002803621300962049,0.0022186217323478283,0.00345161743227855
pi05_port_seed1000_0150000steps,pi05,150000,30,/mnt/data/zfei/lerobot-act-flow-ablation/archive/report_ckpts/pi05_port/pi05_openpi_split_lora_masked_1459_bs4_1m/checkpoints/0150000/pretrained_model,0.0075452396379841954,0.0069119832294658404,0.00821945555502025,38.87535465228558,34.566823082689936,43.86275045058728,1.0919573948644101,0.9647339655609802,1.2427786084474992,3.271133030161261,2.89017408552468,3.7236175836846233,0.006663049266358028,0.005800976267921689,0.007649839364465952
pi05_port_seed1000_0200000steps,pi05,200000,10,/mnt/data/zfei/lerobot-act-flow-ablation/archive/report_ckpts/pi05_port/pi05_openpi_split_lora_masked_1459_bs4_1m/checkpoints/0200000/pretrained_model,0.0021524963426854814,0.001891922081900338,0.0024353622625865675,9.443318381875752,8.252680454964185,10.791305488623676,0.26383264351543034,0.237557126781391,0.2921211650606244,0.7905431537907571,0.711802805357426,0.8753805858010426,0.0018240841820478975,0.0014288884270871448,0.002264363091517072
pi05_port_seed1000_0200000steps,pi05,200000,30,/mnt/data/zfei/lerobot-act-flow-ablation/archive/report_ckpts/pi05_port/pi05_openpi_split_lora_masked_1459_bs4_1m/checkpoints/0200000/pretrained_model,0.0056867821485066085,0.005235277331947144,0.006167929718783488,31.881091889858247,28.2546048778832,36.06231414465904,0.9144218346998098,0.8013020394528283,1.0449200557282192,2.7398003025799995,2.4009793836947537,3.1311103237919506,0.004516043778108725,0.003956680574892226,0.005116190832753677
pi05_port_seed1000_0250000steps,pi05,250000,10,/mnt/data/zfei/lerobot-act-flow-ablation/archive/report_ckpts/pi05_port/pi05_openpi_split_lora_masked_1459_bs4_1m/checkpoints/0250000/pretrained_model,0.0024684827763267097,0.002150419582855828,0.0028097875031666266,8.772523380443454,7.673291187480467,10.03238848801888,0.25308435440249744,0.22891081320839002,0.27862060140566897,0.7583410643935204,0.685960128823202,0.8347844809887934,0.0024371656465040138,0.001927000237682432,0.0029984076572361767
pi05_port_seed1000_0250000steps,pi05,250000,30,/mnt/data/zfei/lerobot-act-flow-ablation/archive/report_ckpts/pi05_port/pi05_openpi_split_lora_masked_1459_bs4_1m/checkpoints/0250000/pretrained_model,0.005051741490373388,0.004646616214577442,0.0054941046533065665,28.345244482219222,24.823026507129523,32.63184181430416,0.7197194407396019,0.6278581241867502,0.838291671704501,2.1564356701895595,1.8808560526633635,2.512003808307275,0.00430178123928681,0.003847365409396105,0.004783563576751214
pi05_port_seed1000_0300000steps,pi05,300000,10,/mnt/data/zfei/lerobot-act-flow-ablation/archive/report_ckpts/pi05_port/pi05_openpi_split_lora_masked_1459_bs4_1m/checkpoints/0300000/pretrained_model,0.0022328019357519225,0.0019036300384963397,0.0026091815038966166,8.410087887167931,7.356124803423881,9.576884961000086,0.21814324449375266,0.19517779342455321,0.2425578803739743,0.6536373026575891,0.5848345856322906,0.7267163132956715,0.002188140346138312,0.0016648368105314632,0.0027863003746002738
pi05_port_seed1000_0300000steps,pi05,300000,30,/mnt/data/zfei/lerobot-act-flow-ablation/archive/report_ckpts/pi05_port/pi05_openpi_split_lora_masked_1459_bs4_1m/checkpoints/0300000/pretrained_model,0.004718932754709385,0.00434458557779435,0.005124733774428024,24.841510154038666,22.192371168562776,27.814450552482892,0.6370735939554869,0.5543425157072023,0.732016739579476,1.9087700292617082,1.6608861581303178,2.1929474199596797,0.00426287203728748,0.003716784964108449,0.004871932733567132
pi05_port_seed1000_0350000steps,pi05,350000,10,/mnt/data/zfei/lerobot-act-flow-ablation/archive/report_ckpts/pi05_port/pi05_openpi_split_lora_masked_1459_bs4_1m/checkpoints/0350000/pretrained_model,0.0021399801925217616,0.0017774465837193923,0.002570807275307924,7.517312466338276,6.542397986975682,8.61879125346765,0.19079107946902515,0.17080118269282393,0.21098684935164636,0.5716609000079332,0.5117891840343364,0.6321915997783653,0.0022026099921789635,0.0016236528668765998,0.002895033048057394
pi05_port_seed1000_0350000steps,pi05,350000,30,/mnt/data/zfei/lerobot-act-flow-ablation/archive/report_ckpts/pi05_port/pi05_openpi_split_lora_masked_1459_bs4_1m/checkpoints/0350000/pretrained_model,0.0043209355278813755,0.0039434080356964855,0.004720322299815597,20.76552566501498,18.389029321782278,23.446780446109916,0.5327858279496432,0.4676244557887319,0.6071576384773479,1.5963894301876425,1.4012124228734522,1.8192079519398507,0.004185217075837045,0.0036379832107166295,0.004796871790924695
pi05_port_seed1000_0400000steps,pi05,400000,10,/mnt/data/zfei/lerobot-act-flow-ablation/archive/report_ckpts/pi05_port/pi05_openpi_split_lora_masked_1459_bs4_1m/checkpoints/0400000/pretrained_model,0.001727503966547374,0.0014934511480552831,0.001978215000864839,7.326844964042306,6.360263841706887,8.41155804482922,0.1637952216695994,0.1468015107516199,0.1815823071005288,0.4907466269731522,0.43994018540298563,0.5439908100919798,0.0016517978404689874,0.00128408623958125,0.0020515121526715687
pi05_port_seed1000_0400000steps,pi05,400000,30,/mnt/data/zfei/lerobot-act-flow-ablation/archive/report_ckpts/pi05_port/pi05_openpi_split_lora_masked_1459_bs4_1m/checkpoints/0400000/pretrained_model,0.0036005790933413668,0.0032730160623650572,0.003937502596756533,18.50392246159911,16.557278482723227,20.61250346984564,0.43823377634584904,0.3832558743353002,0.5016348813829012,1.3128589832633732,1.1482155362248416,1.5027275045871742,0.003419715710715536,0.00295873330597782,0.003919058659855397
pi05_port_seed1000_0450000steps,pi05,450000,10,/mnt/data/zfei/lerobot-act-flow-ablation/archive/report_ckpts/pi05_port/pi05_openpi_split_lora_masked_1459_bs4_1m/checkpoints/0450000/pretrained_model,0.0017615079614733983,0.0015044312122463456,0.00203983680907204,6.5795721781849865,5.702811293108763,7.580209044449776,0.16336212685890497,0.1457775321776281,0.18208945156852724,0.4895143121741713,0.43685339493704944,0.5454905954050833,0.0017563959429824083,0.0013433401727650188,0.0022026310452464026
pi05_port_seed1000_0450000steps,pi05,450000,30,/mnt/data/zfei/lerobot-act-flow-ablation/archive/report_ckpts/pi05_port/pi05_openpi_split_lora_masked_1459_bs4_1m/checkpoints/0450000/pretrained_model,0.003368259217357263,0.0030760305252508263,0.003680450842640856,14.78182547977567,13.194705999729779,16.537803713725506,0.39263989093527196,0.3473622186686842,0.4445566090163774,1.1763657214343546,1.0406789173379547,1.3317606653135272,0.003430823852929052,0.0029865925966453227,0.003918382111661665
pi05_port_seed1000_0500000steps,pi05,500000,10,/mnt/data/zfei/lerobot-act-flow-ablation/archive/report_ckpts/pi05_port/pi05_openpi_split_lora_masked_1459_bs4_1m/checkpoints/0500000/pretrained_model,0.0016230021114315605,0.001380524523623171,0.0018976140528216994,6.540904200941324,5.641913723704217,7.564753578319401,0.1518867456037551,0.13551460315310393,0.1688799580108839,0.4551103981584311,0.4061536335186101,0.505983967660181,0.0015775211402292372,0.0011923644773572904,0.002021382510869833
pi05_port_seed1000_0500000steps,pi05,500000,30,/mnt/data/zfei/lerobot-act-flow-ablation/archive/report_ckpts/pi05_port/pi05_openpi_split_lora_masked_1459_bs4_1m/checkpoints/0500000/pretrained_model,0.0029530652516405105,0.002665953005214396,0.0032624199090216283,14.53239309117198,12.890912260796869,16.374202102097865,0.35007771024480455,0.30827679659277196,0.3986814188260586,1.0488308710977436,0.9235723942343145,1.194370517241955,0.0028741806839456107,0.002442907890392147,0.0033469306081496224
pi05_port_seed1000_0550000steps,pi05,550000,10,/mnt/data/zfei/lerobot-act-flow-ablation/archive/report_ckpts/pi05_port/pi05_openpi_split_lora_masked_1459_bs4_1m/checkpoints/0550000/pretrained_model,0.0014856090378270895,0.001262493335378895,0.001743888859732033,6.2529379617869845,5.385171351025253,7.246853598094729,0.13932651507901028,0.12439198919481136,0.1550153419196722,0.4174961685203016,0.37275617507100106,0.4644833010496572,0.0014267654952860765,0.0010703777496860554,0.0018367492825819812
pi05_port_seed1000_0550000steps,pi05,550000,30,/mnt/data/zfei/lerobot-act-flow-ablation/archive/report_ckpts/pi05_port/pi05_openpi_split_lora_masked_1459_bs4_1m/checkpoints/0550000/pretrained_model,0.0029481839397485603,0.0026410870530249667,0.0033015232968260544,13.448231603264812,11.918961997081341,15.126871259198337,0.32671310085058203,0.2880626938630827,0.36999791699424406,0.9788322884663938,0.8631588481131939,1.1084169228598473,0.0030218343298062107,0.0025535166841648624,0.0035797348401963953
pi05_port_seed1000_0600000steps,pi05,600000,10,/mnt/data/zfei/lerobot-act-flow-ablation/archive/report_ckpts/pi05_port/pi05_openpi_split_lora_masked_1459_bs4_1m/checkpoints/0600000/pretrained_model,0.0015495071997320337,0.0012920833189550647,0.0018389887783669104,6.223301341757178,5.3888036109860975,7.153972451422365,0.1394502736874856,0.12420025954295422,0.15518593016453086,0.417836747277528,0.3721667810532265,0.46491112020029685,0.0015323104333206743,0.0011150777200572021,0.0020016379286083865
pi05_port_seed1000_0600000steps,pi05,600000,30,/mnt/data/zfei/lerobot-act-flow-ablation/archive/report_ckpts/pi05_port/pi05_openpi_split_lora_masked_1459_bs4_1m/checkpoints/0600000/pretrained_model,0.002524961141418316,0.0022864370070219586,0.0027871029933252437,12.120910036116836,10.763908106735352,13.5759903101705,0.2895782716460526,0.2563610061321408,0.32678738192459544,0.8675322137475014,0.7680307665372268,0.978947966299392,0.00251254972393167,0.002151903557575365,0.002915268945262493
pi05_port_seed1000_0650000steps,pi05,650000,10,/mnt/data/zfei/lerobot-act-flow-ablation/archive/report_ckpts/pi05_port/pi05_openpi_split_lora_masked_1459_bs4_1m/checkpoints/0650000/pretrained_model,0.0015105497388831282,0.001223991777036008,0.0018521137297292621,5.918756940126418,5.08979341720864,6.902510394462201,0.12069865902443419,0.10765054623422907,0.13484488961857857,0.36170335441175844,0.3226668853836132,0.4040048215187153,0.0015567679376848101,0.0010947875536347835,0.002117599496590557
pi05_port_seed1000_0650000steps,pi05,650000,30,/mnt/data/zfei/lerobot-act-flow-ablation/archive/report_ckpts/pi05_port/pi05_openpi_split_lora_masked_1459_bs4_1m/checkpoints/0650000/pretrained_model,0.002459891048565623,0.0022313151667600335,0.0027045556212538934,11.486356716632843,10.12267956414893,13.036345558468991,0.25827369063720107,0.22727155675766988,0.29354521996816624,0.7737750133797525,0.6809985411124302,0.8794045884823429,0.0025377558774475795,0.0022149904964151057,0.0028927626274380448
pi05_port_seed1000_0700000steps,pi05,700000,10,/mnt/data/zfei/lerobot-act-flow-ablation/archive/report_ckpts/pi05_port/pi05_openpi_split_lora_masked_1459_bs4_1m/checkpoints/0700000/pretrained_model,0.0015021223372532406,0.0012272471937179938,0.0018142629864334595,5.843267586380242,5.012848734135925,6.799085547573863,0.11268565093865616,0.09987585566201015,0.12627610395816147,0.3376743274563923,0.29932393126317763,0.3783312566186534,0.0015734005709447274,0.0011268009765024421,0.0020891375344157686
pi05_port_seed1000_0700000steps,pi05,700000,30,/mnt/data/zfei/lerobot-act-flow-ablation/archive/report_ckpts/pi05_port/pi05_openpi_split_lora_masked_1459_bs4_1m/checkpoints/0700000/pretrained_model,0.002451000106520951,0.0021776255933760695,0.0027560972880291954,10.421774711936711,9.217468342124675,11.781040572784098,0.23153949528187515,0.20364418727345773,0.2629675751254894,0.6937059707008302,0.6102222069390121,0.7879092743866145,0.002681934459690411,0.0022639186456881472,0.0031498357785231736
pi05_port_seed1000_0750000steps,pi05,750000,10,/mnt/data/zfei/lerobot-act-flow-ablation/archive/report_ckpts/pi05_port/pi05_openpi_split_lora_masked_1459_bs4_1m/checkpoints/0750000/pretrained_model,0.0014682199796843634,0.0012114967069855084,0.0017623915556418067,5.562610063090919,4.779026218766346,6.463726980556171,0.10689464664505795,0.0950575895885588,0.11942712660722896,0.32033651268854735,0.2848944634563755,0.35787093762103456,0.0015614098113838964,0.0011420283079334327,0.002037848406652397
pi05_port_seed1000_0750000steps,pi05,750000,30,/mnt/data/zfei/lerobot-act-flow-ablation/archive/report_ckpts/pi05_port/pi05_openpi_split_lora_masked_1459_bs4_1m/checkpoints/0750000/pretrained_model,0.0024144605177789345,0.002133971471523364,0.002731432290770136,9.485050371140241,8.373068864214424,10.72969611489252,0.2149131643362344,0.18856962868426919,0.2446713445091153,0.6438713324554264,0.5649918755408375,0.7330033004966562,0.002744853862775244,0.002310332243322802,0.003243112501023449
pi05_port_seed1000_0800000steps,pi05,800000,10,/mnt/data/zfei/lerobot-act-flow-ablation/archive/report_ckpts/pi05_port/pi05_openpi_split_lora_masked_1459_bs4_1m/checkpoints/0800000/pretrained_model,0.0015229995528061408,0.0012079461726219956,0.0019038659347905193,5.669100442290306,4.866555305178464,6.575938466359674,0.10815329005708918,0.09615849928025857,0.12072201354792343,0.3240865428820252,0.2881848935922141,0.36171545066717076,0.0016388238958122089,0.0011220719786502803,0.002262799407579377
pi05_port_seed1000_0800000steps,pi05,800000,30,/mnt/data/zfei/lerobot-act-flow-ablation/archive/report_ckpts/pi05_port/pi05_openpi_split_lora_masked_1459_bs4_1m/checkpoints/0800000/pretrained_model,0.002347601511166431,0.002097496711949134,0.002618895233416698,9.650461718708277,8.517626010498406,10.89353882801831,0.2162148359827697,0.19032846250240704,0.2450764682844748,0.6477971702590584,0.5701971549203619,0.7341621821621432,0.002613089565848554,0.0022301545148527583,0.003035086075751321
pi05_port_seed1000_0850000steps,pi05,850000,10,/mnt/data/zfei/lerobot-act-flow-ablation/archive/report_ckpts/pi05_port/pi05_openpi_split_lora_masked_1459_bs4_1m/checkpoints/0850000/pretrained_model,0.0014148981468188144,0.0011591981610227769,0.0017049502250596552,5.516498180255294,4.7274373632997255,6.424967470645532,0.10430783207085913,0.09243477661001961,0.11679125384193606,0.31255898842401797,0.27699604654675347,0.34994446198935597,0.001490490106098605,0.0010763381531639906,0.0019636049589763387
pi05_port_seed1000_0850000steps,pi05,850000,30,/mnt/data/zfei/lerobot-act-flow-ablation/archive/report_ckpts/pi05_port/pi05_openpi_split_lora_masked_1459_bs4_1m/checkpoints/0850000/pretrained_model,0.0022216303736859117,0.001951327032798509,0.0025241470897490225,9.25756770670414,8.172765715073796,10.46251589744538,0.20701843451522295,0.18114075494529683,0.23614369368432095,0.6202197373881937,0.5427328824833033,0.7074127245252951,0.002454446227155472,0.002045631113654054,0.0029205322834638496
pi05_port_seed1000_0900000steps,pi05,900000,10,/mnt/data/zfei/lerobot-act-flow-ablation/archive/report_ckpts/pi05_port/pi05_openpi_split_lora_masked_1459_bs4_1m/checkpoints/0900000/pretrained_model,0.0014347127493929293,0.0011396643932664121,0.0018088352001738711,5.47141800814867,4.690482362902537,6.363985014520583,0.1046599606317468,0.09268254507130484,0.11721206781018988,0.31363114717975266,0.2778102363334969,0.351249030593969,0.0015236522987818262,0.001036829201097243,0.002134358239664697
pi05_port_seed1000_0900000steps,pi05,900000,30,/mnt/data/zfei/lerobot-act-flow-ablation/archive/report_ckpts/pi05_port/pi05_openpi_split_lora_masked_1459_bs4_1m/checkpoints/0900000/pretrained_model,0.00232364793970919,0.002026353544234007,0.0026638326908647292,9.089651757061484,8.025734060136974,10.250964793007078,0.20336599292047317,0.17825803148848943,0.23137804495226583,0.6092949293889105,0.5341149603099563,0.6930544209728015,0.0026485948474418135,0.0021917969847503223,0.003171666940631861
pi05_port_seed1000_1000000steps,pi05,1000000,10,/mnt/data/zfei/lerobot-act-flow-ablation/archive/report_ckpts/pi05_port/pi05_openpi_split_lora_masked_1459_bs4_1m/checkpoints/1000000/pretrained_model,0.0013431192499556341,0.00110295092538272,0.0016166260577587304,5.445457461394369,4.647813387239537,6.3651570026282185,0.10275514128524808,0.09109473579886829,0.11497653267837597,0.3079368461426348,0.27300475170887084,0.3445448759871535,0.001383676626424375,0.0009922487285239582,0.0018275465076252962
pi05_port_seed1000_1000000steps,pi05,1000000,30,/mnt/data/zfei/lerobot-act-flow-ablation/archive/report_ckpts/pi05_port/pi05_openpi_split_lora_masked_1459_bs4_1m/checkpoints/1000000/pretrained_model,0.002166403029630601,0.0018919656386951836,0.0024831957537111513,8.829491088956594,7.773865955162049,9.972491796454042,0.20007329769991342,0.17559754974278627,0.22719959293007852,0.5994421604834497,0.5261100283941255,0.6806109642983413,0.0024101212362434127,0.0019954086160616493,0.002901523753476124
smolvla_axis_angle_seed1000_100000steps,smolvla,100000,10,/mnt/data/zfei/lerobot-act-flow-ablation/archive/report_ckpts/smolvla_axis_angle/smolvla_axis_angle_seed1000_100000steps/checkpoints/100000/pretrained_model,0.004150228543148842,0.0034546427330598836,0.004905694007228886,11.1804164571166,8.394833927017448,14.923553946015234,0.2811528758443892,0.2518278813811019,0.31477232104446745,0.8423311393931506,0.7545614000409839,0.9428660466590896,0.0048627804340956125,0.0037763611944895688,0.0060739788178972055
smolvla_axis_angle_seed1000_100000steps,smolvla,100000,30,/mnt/data/zfei/lerobot-act-flow-ablation/archive/report_ckpts/smolvla_axis_angle/smolvla_axis_angle_seed1000_100000steps/checkpoints/100000/pretrained_model,0.015532420615840236,0.01426550731278694,0.016880156646385154,71.80571420693398,63.341960039478515,81.26557445622686,2.5941738656908275,2.368562220367045,2.834911673460156,7.770102690815926,7.094480361303686,8.490323960073292,0.013083200699960799,0.011303426693663599,0.015050660417179595
smolvla_masked_seed1000_0100000steps,smolvla,100000,10,/mnt/data/zfei/lerobot-act-flow-ablation/archive/report_ckpts/smolvla_masked/smolvla_rot6d_masked_seed1000_1000000steps/checkpoints/0100000/pretrained_model,0.004624748774105684,0.003916633683783585,0.0053953620138956476,15.063798674583438,12.830431118154525,18.03707510830164,0.4624312883242964,0.43685031952857956,0.4884276047756897,1.384995229661465,1.3085340440273288,1.4623931838795534,0.004653247451069546,0.0035337540648459247,0.005876558186011245
smolvla_masked_seed1000_0100000steps,smolvla,100000,30,/mnt/data/zfei/lerobot-act-flow-ablation/archive/report_ckpts/smolvla_masked/smolvla_rot6d_masked_seed1000_1000000steps/checkpoints/0100000/pretrained_model,0.01197797457757406,0.01104428725010948,0.012947090648236912,67.30277366638184,60.83633059906958,74.15877431397432,2.267940706253052,2.0525733269855384,2.507654034408927,6.794548772215844,6.149154700639843,7.512143674519662,0.00844854509684228,0.007261977906068388,0.009690938765691865
smolvla_masked_seed1000_0200000steps,smolvla,200000,10,/mnt/data/zfei/lerobot-act-flow-ablation/archive/report_ckpts/smolvla_masked/smolvla_rot6d_masked_seed1000_1000000steps/checkpoints/0200000/pretrained_model,0.004942341083922657,0.004200221795156539,0.005747442051221151,11.118413825452325,9.083771103037895,13.775996149405833,0.3113565446138382,0.28777271978203195,0.3364784706830977,0.9328553739786146,0.8624631675295528,1.007748360015452,0.006055788689842304,0.004881383923205999,0.007329679373771911
smolvla_masked_seed1000_0200000steps,smolvla,200000,30,/mnt/data/zfei/lerobot-act-flow-ablation/archive/report_ckpts/smolvla_masked/smolvla_rot6d_masked_seed1000_1000000steps/checkpoints/0200000/pretrained_model,0.011971931818523447,0.011099421043699846,0.012863720194686902,55.26520422005653,49.8502585039556,60.99053521815539,1.9916261193305254,1.7939633008029319,2.2076330078136177,5.967304706573487,5.375732495103779,6.614569719763097,0.01026747449364848,0.00912690325347912,0.011472527848268787
smolvla_masked_seed1000_0300000steps,smolvla,300000,10,/mnt/data/zfei/lerobot-act-flow-ablation/archive/report_ckpts/smolvla_masked/smolvla_rot6d_masked_seed1000_1000000steps/checkpoints/0300000/pretrained_model,0.003281771606125403,0.0027171262763862605,0.00393849860423361,10.949099228858945,9.095535972851515,13.397921941220753,0.3242397323399782,0.299494245829247,0.3507898140402512,0.9711103978455067,0.8970787121884527,1.0504729010678828,0.003331190193876864,0.002453650784186676,0.004371264592649276
smolvla_masked_seed1000_0300000steps,smolvla,300000,30,/mnt/data/zfei/lerobot-act-flow-ablation/archive/report_ckpts/smolvla_masked/smolvla_rot6d_masked_seed1000_1000000steps/checkpoints/0300000/pretrained_model,0.010559730118955486,0.009729035398364066,0.011416699600283752,48.0573083434105,44.03867300034764,52.43347267087695,1.9706673306524756,1.7927049957685175,2.1699512748301037,5.903194868147374,5.370822650855781,6.500392063745859,0.008430272964087637,0.007308076357060868,0.009626314460075355
smolvla_masked_seed1000_0400000steps,smolvla,400000,10,/mnt/data/zfei/lerobot-act-flow-ablation/archive/report_ckpts/smolvla_masked/smolvla_rot6d_masked_seed1000_1000000steps/checkpoints/0400000/pretrained_model,0.003118553084292216,0.002644013728753634,0.0036394160302268565,10.354490631580354,8.543772304680946,12.715636380723113,0.30788134786486626,0.2853894128564744,0.3315291618732735,0.9222120838165282,0.8552602414943281,0.9927524005636568,0.003180756648457645,0.0024706345333617053,0.003981435683439256
smolvla_masked_seed1000_0400000steps,smolvla,400000,30,/mnt/data/zfei/lerobot-act-flow-ablation/archive/report_ckpts/smolvla_masked/smolvla_rot6d_masked_seed1000_1000000steps/checkpoints/0400000/pretrained_model,0.009778844375279731,0.009005412310647082,0.010563972966406434,47.19812896561623,43.34184098381995,51.20774543707965,1.6202736267298459,1.4750327181674543,1.7823642501257362,4.853782520413399,4.419280424727498,5.338681065645814,0.008341885118632491,0.007254926047652359,0.009519340101131006
smolvla_masked_seed1000_0500000steps,smolvla,500000,10,/mnt/data/zfei/lerobot-act-flow-ablation/archive/report_ckpts/smolvla_masked/smolvla_rot6d_masked_seed1000_1000000steps/checkpoints/0500000/pretrained_model,0.002958173844410339,0.0025173257004549683,0.0034194282241718603,8.96008354026079,7.427467818774284,10.887252691893277,0.23824395120888953,0.21704138822080574,0.26107659419551493,0.7135900466442109,0.650253184366599,0.7818113221380858,0.0032803868241210237,0.0026004472654984055,0.0040030586404175145
smolvla_masked_seed1000_0500000steps,smolvla,500000,30,/mnt/data/zfei/lerobot-act-flow-ablation/archive/report_ckpts/smolvla_masked/smolvla_rot6d_masked_seed1000_1000000steps/checkpoints/0500000/pretrained_model,0.008608112206100485,0.00786399416556087,0.009399777876543525,35.76040151655675,32.903164126199485,38.73936388389765,1.2798851670324802,1.1627153307218103,1.4074845902938393,3.8337819821238512,3.4828829345792545,4.2165938217625,0.008205131835117755,0.0070772517162147565,0.00946244433100046
smolvla_masked_seed1000_0600000steps,smolvla,600000,10,/mnt/data/zfei/lerobot-act-flow-ablation/archive/report_ckpts/smolvla_masked/smolvla_rot6d_masked_seed1000_1000000steps/checkpoints/0600000/pretrained_model,0.003123640115853049,0.0025510904991315336,0.00380972912789657,7.860578114509584,6.407557695673408,9.790050349199772,0.21800196127966046,0.19707085172720254,0.24110887955622734,0.6529800509735942,0.5903765756549315,0.7219583909384909,0.00368399444685383,0.0027742724201728556,0.004800203432350138
smolvla_masked_seed1000_0600000steps,smolvla,600000,30,/mnt/data/zfei/lerobot-act-flow-ablation/archive/report_ckpts/smolvla_masked/smolvla_rot6d_masked_seed1000_1000000steps/checkpoints/0600000/pretrained_model,0.009253250002278947,0.008398652437987035,0.010184518280664634,33.60189272499085,30.761812768322244,36.59913492784502,1.2889435521662236,1.1570844857685267,1.4379509901903567,3.8610288039147855,3.4665069239184234,4.307530683811751,0.009414796220437439,0.008076674598622076,0.010895522065619924
smolvla_masked_seed1000_0700000steps,smolvla,700000,10,/mnt/data/zfei/lerobot-act-flow-ablation/archive/report_ckpts/smolvla_masked/smolvla_rot6d_masked_seed1000_1000000steps/checkpoints/0700000/pretrained_model,0.0028929561755358002,0.0024484834302922545,0.0033748591424893675,8.240053399801255,6.71233435883075,10.253218597380812,0.23294065000116823,0.20999242791933947,0.2581207334347068,0.6977717610895634,0.6290976234223694,0.772893038854003,0.003221491976269362,0.00253019775999652,0.0039733850203679776
smolvla_masked_seed1000_0700000steps,smolvla,700000,30,/mnt/data/zfei/lerobot-act-flow-ablation/archive/report_ckpts/smolvla_masked/smolvla_rot6d_masked_seed1000_1000000steps/checkpoints/0700000/pretrained_model,0.0089144854079932,0.008107098846447483,0.009808491571946076,34.13124117088318,31.127467245966205,37.27359227184058,1.2444204796925187,1.129483352368139,1.3710862814733764,3.72786584225297,3.3838163133829826,4.107318217099459,0.00888991173105569,0.007607586884369492,0.010331809096111397
smolvla_masked_seed1000_0800000steps,smolvla,800000,10,/mnt/data/zfei/lerobot-act-flow-ablation/archive/report_ckpts/smolvla_masked/smolvla_rot6d_masked_seed1000_1000000steps/checkpoints/0800000/pretrained_model,0.0026628066820849196,0.002210628077053843,0.0031684996482414123,7.752231132388114,6.28958719534427,9.710488127273322,0.21702786167711013,0.19549019635291778,0.24099870124254363,0.6500664294064045,0.5857992283787578,0.7218229903176427,0.0029452860270627068,0.0022394097946221493,0.003732965646586264
smolvla_masked_seed1000_0800000steps,smolvla,800000,30,/mnt/data/zfei/lerobot-act-flow-ablation/archive/report_ckpts/smolvla_masked/smolvla_rot6d_masked_seed1000_1000000steps/checkpoints/0800000/pretrained_model,0.008437269961403218,0.007650892283029677,0.009312344849930381,31.432845152497297,28.57920844266712,34.484305670580255,1.200839496165514,1.0787866690084331,1.3396880859177556,3.596933949381114,3.231395654672384,4.012847982688248,0.008413630891182036,0.0072070324842896105,0.00976673479475283
smolvla_masked_seed1000_0900000steps,smolvla,900000,10,/mnt/data/zfei/lerobot-act-flow-ablation/archive/report_ckpts/smolvla_masked/smolvla_rot6d_masked_seed1000_1000000steps/checkpoints/0900000/pretrained_model,0.0027796495512739054,0.002340725448590819,0.003247837284681736,7.787476231306792,6.358741450907291,9.662825187459589,0.2141230738628656,0.19250617956439967,0.23803792161494491,0.6414013431072234,0.5768017675116657,0.7129442833330479,0.003148316778636513,0.002466529385029891,0.00388343345529322
smolvla_masked_seed1000_0900000steps,smolvla,900000,30,/mnt/data/zfei/lerobot-act-flow-ablation/archive/report_ckpts/smolvla_masked/smolvla_rot6d_masked_seed1000_1000000steps/checkpoints/0900000/pretrained_model,0.008430584140500286,0.007614630342747845,0.009334649261349847,31.4241342471838,28.59063904697598,34.448957490327956,1.1730892740786074,1.0549740260489284,1.3077461015388367,3.5140960817635065,3.1607969430334877,3.9164801511712395,0.008505442516743641,0.007247570226968607,0.00994217382821685
smolvla_masked_seed1000_1000000steps,smolvla,1000000,10,/mnt/data/zfei/lerobot-act-flow-ablation/archive/report_ckpts/smolvla_masked/smolvla_rot6d_masked_seed1000_1000000steps/checkpoints/1000000/pretrained_model,0.0026992508993280355,0.002273926449742431,0.0031582936576221975,7.821543480277061,6.393473730380828,9.724883392792934,0.21774424904771147,0.19595390327912754,0.24214557685041793,0.6522225636020303,0.5871042382776737,0.7252018584050238,0.0029995204735006383,0.002339779109857892,0.0037199344078675785
smolvla_masked_seed1000_1000000steps,smolvla,1000000,30,/mnt/data/zfei/lerobot-act-flow-ablation/archive/report_ckpts/smolvla_masked/smolvla_rot6d_masked_seed1000_1000000steps/checkpoints/1000000/pretrained_model,0.008400535124586894,0.007599467521868067,0.009289368764348908,31.452401174902917,28.654327561044692,34.40200230286418,1.1804066187366844,1.0628817481555048,1.315057241013832,3.5359540635645392,3.1841815719425677,3.939453511665761,0.00841129390151491,0.007177666486693912,0.009824487256057661
smolvla_rot6d_seed1000_0100000steps,smolvla,100000,10,/mnt/data/zfei/lerobot-act-flow-ablation/archive/report_ckpts/smolvla_rot6d/smolvla_rot6d_seed1000_1000000steps/checkpoints/0100000/pretrained_model,0.0041213247070554645,0.003475797020096798,0.004821515090217871,13.50233677792549,11.46977623208761,16.191976096016166,0.38851380114257333,0.36465721187181765,0.4147894990388305,1.163750911772251,1.0925976974248888,1.242323505826295,0.004226494023534542,0.0032081989832128347,0.005351136591438627
smolvla_rot6d_seed1000_0100000steps,smolvla,100000,30,/mnt/data/zfei/lerobot-act-flow-ablation/archive/report_ckpts/smolvla_rot6d/smolvla_rot6d_seed1000_1000000steps/checkpoints/0100000/pretrained_model,0.01384597098629456,0.012762827944863239,0.014996209437344803,70.28677739286424,63.43826810058353,78.27785061919687,2.3843317248225215,2.208665943397582,2.57108044487238,7.144140595674514,6.617798482617737,7.703129736459257,0.01095173548279854,0.009351377872584634,0.01274977520200319
smolvla_rot6d_seed1000_0200000steps,smolvla,200000,10,/mnt/data/zfei/lerobot-act-flow-ablation/archive/report_ckpts/smolvla_rot6d/smolvla_rot6d_seed1000_1000000steps/checkpoints/0200000/pretrained_model,0.004808065732184331,0.003957301659396033,0.005728767780338237,12.196502481341362,9.527732430747148,15.795637827345722,0.3414827768355607,0.3158786629315465,0.3714558813352137,1.023098544090986,0.9464087347723544,1.112721758781374,0.00562786136617433,0.004305435337809648,0.007072596196464114
smolvla_rot6d_seed1000_0200000steps,smolvla,200000,30,/mnt/data/zfei/lerobot-act-flow-ablation/archive/report_ckpts/smolvla_rot6d/smolvla_rot6d_seed1000_1000000steps/checkpoints/0200000/pretrained_model,0.013340388693963178,0.012074014000169697,0.014689881158916979,60.186865927219394,52.64279320493342,68.7901692750216,2.0498789369165897,1.8243439092442393,2.315104450553656,6.141821398496629,5.466982830420132,6.93542984330654,0.011904813604141964,0.010207194173803323,0.013770497691536277
smolvla_rot6d_seed1000_0300000steps,smolvla,300000,10,/mnt/data/zfei/lerobot-act-flow-ablation/archive/report_ckpts/smolvla_rot6d/smolvla_rot6d_seed1000_1000000steps/checkpoints/0300000/pretrained_model,0.004163209437392652,0.003557344009584629,0.004831027554612955,12.960782464504241,10.796742389452453,15.859190379798402,0.4566945156902075,0.42881913276687283,0.48681845273412777,1.368114016830921,1.2847183613613247,1.4581341224566104,0.004124093342031301,0.003166965744033702,0.0051942733135806945
smolvla_rot6d_seed1000_0300000steps,smolvla,300000,30,/mnt/data/zfei/lerobot-act-flow-ablation/archive/report_ckpts/smolvla_rot6d/smolvla_rot6d_seed1000_1000000steps/checkpoints/0300000/pretrained_model,0.01266816519864369,0.01163457958907238,0.013756267589904015,56.07445015859604,51.04261201606988,61.477739428222186,2.3513309831023217,2.1671635286033157,2.5496940255574883,7.0437911556959145,6.4927894005924465,7.6378710198640825,0.010203693576822848,0.008753023835886506,0.011799840544701233
smolvla_rot6d_seed1000_0400000steps,smolvla,400000,10,/mnt/data/zfei/lerobot-act-flow-ablation/archive/report_ckpts/smolvla_rot6d/smolvla_rot6d_seed1000_1000000steps/checkpoints/0400000/pretrained_model,0.003803239737724653,0.003171443448300851,0.0044991839218084355,11.57597515130043,9.271907964661718,14.638075187960268,0.3179458513334394,0.29155664966888745,0.34668802202716476,0.9522624872326851,0.8735771059997383,1.0379134069032974,0.0041221841739952645,0.003121444948397743,0.00521766115597825
smolvla_rot6d_seed1000_0400000steps,smolvla,400000,30,/mnt/data/zfei/lerobot-act-flow-ablation/archive/report_ckpts/smolvla_rot6d/smolvla_rot6d_seed1000_1000000steps/checkpoints/0400000/pretrained_model,0.011859293841640466,0.01077008147441957,0.013017298549265246,54.62518543410302,49.37575688673856,60.6035503120482,1.9855848733484747,1.8136315415829416,2.167555930126458,5.947691555082798,5.432848352190852,6.4924171998038895,0.010113615843158189,0.008575244077161506,0.011798195190457633
smolvla_rot6d_seed1000_0500000steps,smolvla,500000,10,/mnt/data/zfei/lerobot-act-flow-ablation/archive/report_ckpts/smolvla_rot6d/smolvla_rot6d_seed1000_1000000steps/checkpoints/0500000/pretrained_model,0.0032179869874089497,0.002715558267923916,0.0037565978985672696,9.779991532087328,7.989820354643463,12.082096255838872,0.26734264271706343,0.24269708600714804,0.29456122588403527,0.8006755278855562,0.727064949025214,0.8822744442380963,0.003510764927640594,0.002748216760175707,0.004346335072671911
smolvla_rot6d_seed1000_0500000steps,smolvla,500000,30,/mnt/data/zfei/lerobot-act-flow-ablation/archive/report_ckpts/smolvla_rot6d/smolvla_rot6d_seed1000_1000000steps/checkpoints/0500000/pretrained_model,0.010324584638292434,0.009366936980815081,0.011346424147093784,45.3575662703514,41.16229566885233,49.784063827884204,1.7212897110432386,1.5719300191473216,1.8786504280522458,5.15593562155962,4.708775338594615,5.628594491600986,0.008996036143454149,0.007609759081432597,0.010531419844993206
smolvla_rot6d_seed1000_0600000steps,smolvla,600000,10,/mnt/data/zfei/lerobot-act-flow-ablation/archive/report_ckpts/smolvla_rot6d/smolvla_rot6d_seed1000_1000000steps/checkpoints/0600000/pretrained_model,0.003646480140305357,0.002975793498104031,0.004392916134694677,9.089169622838497,7.271858051875232,11.49598790430724,0.2586093967221677,0.23367598228920253,0.28719047518800944,0.7745807010084391,0.7001090781223028,0.860025484877825,0.004282208639193869,0.0032233213118415443,0.005473024027778344
smolvla_rot6d_seed1000_0600000steps,smolvla,600000,30,/mnt/data/zfei/lerobot-act-flow-ablation/archive/report_ckpts/smolvla_rot6d/smolvla_rot6d_seed1000_1000000steps/checkpoints/0600000/pretrained_model,0.011036137746268649,0.009915753981785382,0.012205350668812025,42.340338024973875,38.065765409341466,46.83707330268621,1.67469650554657,1.5073584333077077,1.8525392258334896,5.016427465498447,4.515513963019847,5.547841888457535,0.010577201350050018,0.008896889090801479,0.012421711308563455
smolvla_rot6d_seed1000_0700000steps,smolvla,700000,10,/mnt/data/zfei/lerobot-act-flow-ablation/archive/report_ckpts/smolvla_rot6d/smolvla_rot6d_seed1000_1000000steps/checkpoints/0700000/pretrained_model,0.0031396935489028683,0.002663521615893114,0.0036594334825815152,9.444680903136732,7.636272915019095,11.791227910460533,0.2749662677384913,0.24893707277635116,0.3041900928885676,0.8235729833915829,0.7457851929081601,0.9110067274197937,0.003381253213859964,0.0026385623480246587,0.004210972779427548
smolvla_rot6d_seed1000_0700000steps,smolvla,700000,30,/mnt/data/zfei/lerobot-act-flow-ablation/archive/report_ckpts/smolvla_rot6d/smolvla_rot6d_seed1000_1000000steps/checkpoints/0700000/pretrained_model,0.010131351964490023,0.009202902564987016,0.011112551059578257,43.212101376295095,39.08074795987606,47.557167869186394,1.7072595739960672,1.5565664945282043,1.8674975951526316,5.114199396312237,4.662327774488928,5.592999367938935,0.008856990049139314,0.007525610980234363,0.010354257155355729
smolvla_rot6d_seed1000_0800000steps,smolvla,800000,10,/mnt/data/zfei/lerobot-act-flow-ablation/archive/report_ckpts/smolvla_rot6d/smolvla_rot6d_seed1000_1000000steps/checkpoints/0800000/pretrained_model,0.0031125520540517754,0.002546019357893238,0.003734812602815508,8.828708614349365,7.091257646457851,11.081422840449212,0.25958417025767266,0.23463964834441417,0.2868800481758547,0.7774788305535912,0.7029806783515956,0.8589945873601367,0.0034381077746069187,0.0025742526445027445,0.004413101124302996
smolvla_rot6d_seed1000_0800000steps,smolvla,800000,30,/mnt/data/zfei/lerobot-act-flow-ablation/archive/report_ckpts/smolvla_rot6d/smolvla_rot6d_seed1000_1000000steps/checkpoints/0800000/pretrained_model,0.009956411706312793,0.008948143003800941,0.011010270836297431,39.74563472557068,35.87479581901431,43.83273585467338,1.6363934455215932,1.4809846035715188,1.8055673645086592,4.901472764134407,4.434976496106386,5.407908746501802,0.009052797823923354,0.007531397166226183,0.010750793479104183
smolvla_rot6d_seed1000_0900000steps,smolvla,900000,10,/mnt/data/zfei/lerobot-act-flow-ablation/archive/report_ckpts/smolvla_rot6d/smolvla_rot6d_seed1000_1000000steps/checkpoints/0900000/pretrained_model,0.003118069555755937,0.0025685322356406677,0.0037240960583898404,9.054702601611615,7.241451275020837,11.409088317248226,0.2557671856544912,0.2308522108507341,0.2830372021663935,0.7660439004823566,0.6916845308490103,0.8475778907125817,0.0034483732576287597,0.0026067923194387755,0.004389926359714658
smolvla_rot6d_seed1000_0900000steps,smolvla,900000,30,/mnt/data/zfei/lerobot-act-flow-ablation/archive/report_ckpts/smolvla_rot6d/smolvla_rot6d_seed1000_1000000steps/checkpoints/0900000/pretrained_model,0.00998949984810315,0.008987761467369276,0.011044440027361272,40.352599299669265,36.391057825893164,44.50547595707773,1.584317259326577,1.4379741219826043,1.743283074617385,4.745539365500211,4.307947174502165,5.221655197780577,0.009221179101068627,0.007712703858509691,0.010872782730228093
smolvla_rot6d_seed1000_1000000steps,smolvla,1000000,10,/mnt/data/zfei/lerobot-act-flow-ablation/archive/report_ckpts/smolvla_rot6d/smolvla_rot6d_seed1000_1000000steps/checkpoints/1000000/pretrained_model,0.0031530890959111275,0.0026189030802033814,0.0037453737989057104,9.098311384260654,7.302492931896449,11.428658752539754,0.2561047485917807,0.23153895298894497,0.28348806662196296,0.7670842993706464,0.6936907927740368,0.848718828336336,0.0034949201350134448,0.0026757291306150717,0.004412956608761432
smolvla_rot6d_seed1000_1000000steps,smolvla,1000000,30,/mnt/data/zfei/lerobot-act-flow-ablation/archive/report_ckpts/smolvla_rot6d/smolvla_rot6d_seed1000_1000000steps/checkpoints/1000000/pretrained_model,0.009915285812428919,0.008915116991717516,0.010961999914367337,40.358711209177976,36.37250531562269,44.52326090629399,1.5908855318576096,1.4375996411461385,1.7587388648498798,4.765454600602389,4.3067146937914185,5.26730858751014,0.00907107921306624,0.007574130341411307,0.010708913449234126
smolvla_rot6d_seed1000_100000steps,smolvla,100000,10,/mnt/data/zfei/lerobot-act-flow-ablation/archive/report_ckpts/smolvla_rot6d/smolvla_rot6d_seed1000_100000steps/checkpoints/100000/pretrained_model,0.0046563359929132275,0.003763274745702801,0.0056329634547371814,11.079840688884257,8.65271596204042,14.306169171941278,0.2883854953423143,0.26052455648370093,0.3213662283342331,0.8639561731815337,0.7805136074293405,0.9626279724288731,0.005645406834230926,0.00423394644157304,0.007219160695470623
smolvla_rot6d_seed1000_100000steps,smolvla,100000,30,/mnt/data/zfei/lerobot-act-flow-ablation/archive/report_ckpts/smolvla_rot6d/smolvla_rot6d_seed1000_100000steps/checkpoints/100000/pretrained_model,0.014675055716244969,0.013594060300235286,0.015778047350869743,69.22458879423141,61.37329592255355,78.27093388875726,2.5710723249912264,2.3643213375866416,2.78502506744042,7.702959115207194,7.083310427434742,8.343106559270618,0.011995384720828952,0.010496434430716682,0.01356487854513648
umi_official_dp_seed1000_30000steps,umi_official_dp,30000,10,/mnt/data/zfei/lerobot-act-flow-ablation/archive/report_ckpts/umi_official_dp/umi_official_dp_seed1000_30000steps/checkpoints/030000/pretrained_model,0.009336966224887874,0.0076540150431079375,0.011180171075816175,19.65572447788715,17.146184869675338,22.468531887027613,0.7813661793768406,0.6880320563750343,0.8830895470255984,2.341127546399832,2.0616700521692626,2.6457936309587207,0.010777143839062036,0.008029864131972405,0.013748094847225667
umi_official_dp_seed1000_30000steps,umi_official_dp,30000,30,/mnt/data/zfei/lerobot-act-flow-ablation/archive/report_ckpts/umi_official_dp/umi_official_dp_seed1000_30000steps/checkpoints/030000/pretrained_model,0.03376238537818427,0.030296062114734377,0.037340300902146566,133.242460927248,117.49833012764458,149.74566681808832,6.129252095550299,5.431071039340644,6.851683921319993,18.358975581884387,16.2722692110315,20.51826812721639,0.02896456542007718,0.024380848317315892,0.03387260256143881
umi_official_transformer_dp_seed1000_30000steps,umi_official_transformer_dp,30000,10,/mnt/data/zfei/lerobot-act-flow-ablation/archive/report_ckpts/umi_official_transformer_dp/umi_official_transformer_dp_seed1000_30000steps/checkpoints/030000/pretrained_model,0.0041017224633542355,0.00352174701624026,0.00474861983872397,12.200719125181436,10.564853515630222,14.121361984957755,0.36574533906206486,0.3306135973209514,0.4034549233083613,1.0958917978778482,0.9906444961845873,1.2089820523595436,0.004397971453659238,0.0034490807848497704,0.005438028299874986
umi_official_transformer_dp_seed1000_30000steps,umi_official_transformer_dp,30000,30,/mnt/data/zfei/lerobot-act-flow-ablation/archive/report_ckpts/umi_official_transformer_dp/umi_official_transformer_dp_seed1000_30000steps/checkpoints/030000/pretrained_model,0.009152567900542634,0.008289755531461562,0.0100626960494541,48.822239525794984,42.60845633321406,55.67239836000206,1.5739530553221703,1.4129312229599802,1.7491281334657225,4.715581273496151,4.232553185784817,5.240398254029451,0.007155201677432614,0.006124384617347735,0.008264441044620988
