{
  "indices": [
    175,
    56,
    49,
    187,
    93,
    117,
    111,
    189,
    115,
    124,
    33,
    154,
    196,
    3,
    107,
    14,
    153,
    97,
    142,
    7
  ],
  "mean_err_m": 0.02100256453050033,
  "median_err_m": 0.020611275501691277,
  "max_err_m": 0.0307911452410514,
  "min_err_m": 0.010329069253517002,
  "joint_names": [
    "shoulder_pan",
    "shoulder_lift",
    "elbow_flex",
    "wrist_flex",
    "wrist_roll"
  ],
  "joint_mean_abs_err_deg": [
    0.21984155585304999,
    1.7077010111519022,
    1.9371173738337109,
    0.5737348569348699,
    0.27081349729299387
  ],
  "joint_median_abs_err_deg": [
    0.21985486601610865,
    1.6455038801347293,
    2.569909082548615,
    0.8083845281496749,
    0.2623399500179032
  ],
  "joint_max_abs_err_deg": [
    0.2201214489806424,
    3.01211635589278,
    3.312470932339636,
    1.0670592692049174,
    0.43219860838841545
  ],
  "joint_rmse_deg": [
    0.21984162140106467,
    1.8588091889213911,
    2.2873402354885344,
    0.6886389527276803,
    0.2733928102561339
  ]
}